Tree,Source,Row,Column,Block,Population,State,Country,Longitude,Latitude,Elevation
2027_1_A,2027,1,A,one,Pillsbury_State_Forest,New-Hampshire,USA,-72.08333,43.2,500
2027_2_A,2027,2,A,one,Pillsbury_State_Forest,New-Hampshire,USA,-72.08333,43.2,500
2027_3_A,2027,3,A,one,Pillsbury_State_Forest,New-Hampshire,USA,-72.08333,43.2,500
2027_4_A,2027,4,A,one,Pillsbury_State_Forest,New-Hampshire,USA,-72.08333,43.2,500
2027_5_A,2027,5,A,one,Pillsbury_State_Forest,New-Hampshire,USA,-72.08333,43.2,500
2505_6_A,2505,6,A,two,Eastern_Acadia_Forest_Experiment_Station,New-Brunswick,Canada,-66.2,46.03333,60
2505_7_A,2505,7,A,two,Eastern_Acadia_Forest_Experiment_Station,New-Brunswick,Canada,-66.2,46.03333,60
2505_8_A,2505,8,A,two,Eastern_Acadia_Forest_Experiment_Station,New-Brunswick,Canada,-66.2,46.03333,60
2505_9_A,2505,9,A,two,Eastern_Acadia_Forest_Experiment_Station,New-Brunswick,Canada,-66.2,46.03333,60
2505_10_A,2505,10,A,two,Eastern_Acadia_Forest_Experiment_Station,New-Brunswick,Canada,-66.2,46.03333,60
2022_11_A,2022,11,A,three,October_Mtn_State_Forest,Massachusetts,USA,-73.25,42.36667,550
2022_12_A,2022,12,A,three,October_Mtn_State_Forest,Massachusetts,USA,-73.25,42.36667,550
2022_13_A,2022,13,A,three,October_Mtn_State_Forest,Massachusetts,USA,-73.25,42.36667,550
2022_14_A,2022,14,A,three,October_Mtn_State_Forest,Massachusetts,USA,-73.25,42.36667,550
2022_15_A,2022,15,A,three,October_Mtn_State_Forest,Massachusetts,USA,-73.25,42.36667,550
2100_16_A,2100,16,A,four,Sheet_Harbour_Waters,Nova-Scotia,Canada,-62.73333,45.2,60
2100_17_A,2100,17,A,four,Sheet_Harbour_Waters,Nova-Scotia,Canada,-62.73333,45.2,60
2100_18_A,2100,18,A,four,Sheet_Harbour_Waters,Nova-Scotia,Canada,-62.73333,45.2,60
2100_19_A,2100,19,A,four,Sheet_Harbour_Waters,Nova-Scotia,Canada,-62.73333,45.2,60
2100_20_A,2100,20,A,four,Sheet_Harbour_Waters,Nova-Scotia,Canada,-62.73333,45.2,60
2021_21_A,2021,21,A,five,Bear_Meadows,Pennsylvania,USA,-77.75,40.7291,550
2021_22_A,2021,22,A,five,Bear_Meadows,Pennsylvania,USA,-77.75,40.7291,550
2021_23_A,2021,23,A,five,Bear_Meadows,Pennsylvania,USA,-77.75,40.7291,550
2021_24_A,2021,24,A,five,Bear_Meadows,Pennsylvania,USA,-77.75,40.7291,550
2021_25_A,2021,25,A,five,Bear_Meadows,Pennsylvania,USA,-77.75,40.7291,550
2020_26_A,2020,26,A,six,Glade_Run,West_Virginia,USA,-79.83333,38.63333,1160
2020_27_A,2020,27,A,six,Glade_Run,West_Virginia,USA,-79.83333,38.63333,1160
2020_28_A,2020,28,A,six,Glade_Run,West_Virginia,USA,-79.83333,38.63333,1160
2020_29_A,2020,29,A,six,Glade_Run,West_Virginia,USA,-79.83333,38.63333,1160
2020_30_A,2020,30,A,six,Glade_Run,West_Virginia,USA,-79.83333,38.63333,1160
2024_31_A,2024,31,A,seven,Upper_Jay,New-York,USA,-73.66667,44.41667,610
2024_32_A,2024,32,A,seven,Upper_Jay,New-York,USA,-73.66667,44.41667,610
2024_33_A,2024,33,A,seven,Upper_Jay,New-York,USA,-73.66667,44.41667,610
2024_34_A,2024,34,A,seven,Upper_Jay,New-York,USA,-73.66667,44.41667,610
2024_35_A,2024,35,A,seven,Upper_Jay,New-York,USA,-73.66667,44.41667,610
2103_36_A,2103,36,A,eight,Centra_Acadia_Forest_Experiment_Station,New-Brunswick,Canada,-66.33333,46.03333,60
2103_37_A,2103,37,A,eight,Centra_Acadia_Forest_Experiment_Station,New-Brunswick,Canada,-66.33333,46.03333,60
2103_38_A,2103,38,A,eight,Centra_Acadia_Forest_Experiment_Station,New-Brunswick,Canada,-66.33333,46.03333,60
2103_39_A,2103,39,A,eight,Centra_Acadia_Forest_Experiment_Station,New-Brunswick,Canada,-66.33333,46.03333,60
2103_40_A,2103,40,A,eight,Centra_Acadia_Forest_Experiment_Station,New-Brunswick,Canada,-66.33333,46.03333,60
2030_41_A,2030,41,A,nine,Amherst,Maine,USA,-68.38333,44.9,150
2030_42_A,2030,42,A,nine,Amherst,Maine,USA,-68.38333,44.9,150
2030_43_A,2030,43,A,nine,Amherst,Maine,USA,-68.38333,44.9,150
2030_44_A,2030,44,A,nine,Amherst,Maine,USA,-68.38333,44.9,150
2030_45_A,2030,45,A,nine,Amherst,Maine,USA,-68.38333,44.9,150
2032_46_A,2032,46,A,ten,Valcartier_Forest_Experimental_Station,Quebec,Canada,-71.55,46.91667,270
2032_47_A,2032,47,A,ten,Valcartier_Forest_Experimental_Station,Quebec,Canada,-71.55,46.91667,270
2032_48_A,2032,48,A,ten,Valcartier_Forest_Experimental_Station,Quebec,Canada,-71.55,46.91667,270
2032_49_A,2032,49,A,ten,Valcartier_Forest_Experimental_Station,Quebec,Canada,-71.55,46.91667,270
2032_50_A,2032,50,A,ten,Valcartier_Forest_Experimental_Station,Quebec,Canada,-71.55,46.91667,270
2101_51_A,2101,51,A,eleven,Corberrie,Nova-Scotia,Canada,-65.9,44.16667,60
2101_52_A,2101,52,A,eleven,Corberrie,Nova-Scotia,Canada,-65.9,44.16667,60
2101_53_A,2101,53,A,eleven,Corberrie,Nova-Scotia,Canada,-65.9,44.16667,60
2101_54_A,2101,54,A,eleven,Corberrie,Nova-Scotia,Canada,-65.9,44.16667,60
2101_55_A,2101,55,A,eleven,Corberrie,Nova-Scotia,Canada,-65.9,44.16667,60
2019_56_A,2019,56,A,twelve,Indian_Gap,North_Carolina,USA,-83.45,35.6,1620
2019_57_A,2019,57,A,twelve,Indian_Gap,North_Carolina,USA,-83.45,35.6,1620
2019_58_A,2019,58,A,twelve,Indian_Gap,North_Carolina,USA,-83.45,35.6,1620
2019_59_A,2019,59,A,twelve,Indian_Gap,North_Carolina,USA,-83.45,35.6,1620
2019_60_A,2019,60,A,twelve,Indian_Gap,North_Carolina,USA,-83.45,35.6,1620
2027_1_B,2027,1,B,one,Pillsbury_State_Forest,New-Hampshire,USA,-72.08333,43.2,500
2027_2_B,2027,2,B,one,Pillsbury_State_Forest,New-Hampshire,USA,-72.08333,43.2,500
2027_3_B,2027,3,B,one,Pillsbury_State_Forest,New-Hampshire,USA,-72.08333,43.2,500
2027_4_B,2027,4,B,one,Pillsbury_State_Forest,New-Hampshire,USA,-72.08333,43.2,500
2027_5_B,2027,5,B,one,Pillsbury_State_Forest,New-Hampshire,USA,-72.08333,43.2,500
2505_6_B,2505,6,B,two,Eastern_Acadia_Forest_Experiment_Station,New-Brunswick,Canada,-66.2,46.03333,60
2505_7_B,2505,7,B,two,Eastern_Acadia_Forest_Experiment_Station,New-Brunswick,Canada,-66.2,46.03333,60
2505_8_B,2505,8,B,two,Eastern_Acadia_Forest_Experiment_Station,New-Brunswick,Canada,-66.2,46.03333,60
2505_9_B,2505,9,B,two,Eastern_Acadia_Forest_Experiment_Station,New-Brunswick,Canada,-66.2,46.03333,60
2505_10_B,2505,10,B,two,Eastern_Acadia_Forest_Experiment_Station,New-Brunswick,Canada,-66.2,46.03333,60
2022_11_B,2022,11,B,three,October_Mtn_State_Forest,Massachusetts,USA,-73.25,42.36667,550
2022_12_B,2022,12,B,three,October_Mtn_State_Forest,Massachusetts,USA,-73.25,42.36667,550
2022_13_B,2022,13,B,three,October_Mtn_State_Forest,Massachusetts,USA,-73.25,42.36667,550
2022_14_B,2022,14,B,three,October_Mtn_State_Forest,Massachusetts,USA,-73.25,42.36667,550
2022_15_B,2022,15,B,three,October_Mtn_State_Forest,Massachusetts,USA,-73.25,42.36667,550
2100_16_B,2100,16,B,four,Sheet_Harbour_Waters,Nova-Scotia,Canada,-62.73333,45.2,60
2100_17_B,2100,17,B,four,Sheet_Harbour_Waters,Nova-Scotia,Canada,-62.73333,45.2,60
2100_18_B,2100,18,B,four,Sheet_Harbour_Waters,Nova-Scotia,Canada,-62.73333,45.2,60
2100_19_B,2100,19,B,four,Sheet_Harbour_Waters,Nova-Scotia,Canada,-62.73333,45.2,60
2100_20_B,2100,20,B,four,Sheet_Harbour_Waters,Nova-Scotia,Canada,-62.73333,45.2,60
2021_21_B,2021,21,B,five,Bear_Meadows,Pennsylvania,USA,-77.75,40.7291,550
2021_22_B,2021,22,B,five,Bear_Meadows,Pennsylvania,USA,-77.75,40.7291,550
2021_23_B,2021,23,B,five,Bear_Meadows,Pennsylvania,USA,-77.75,40.7291,550
2021_24_B,2021,24,B,five,Bear_Meadows,Pennsylvania,USA,-77.75,40.7291,550
2021_25_B,2021,25,B,five,Bear_Meadows,Pennsylvania,USA,-77.75,40.7291,550
2020_26_B,2020,26,B,six,Glade_Run,West_Virginia,USA,-79.83333,38.63333,1160
2020_27_B,2020,27,B,six,Glade_Run,West_Virginia,USA,-79.83333,38.63333,1160
2020_28_B,2020,28,B,six,Glade_Run,West_Virginia,USA,-79.83333,38.63333,1160
2020_29_B,2020,29,B,six,Glade_Run,West_Virginia,USA,-79.83333,38.63333,1160
2020_30_B,2020,30,B,six,Glade_Run,West_Virginia,USA,-79.83333,38.63333,1160
2024_31_B,2024,31,B,seven,Upper_Jay,New-York,USA,-73.66667,44.41667,610
2024_32_B,2024,32,B,seven,Upper_Jay,New-York,USA,-73.66667,44.41667,610
2024_33_B,2024,33,B,seven,Upper_Jay,New-York,USA,-73.66667,44.41667,610
2024_34_B,2024,34,B,seven,Upper_Jay,New-York,USA,-73.66667,44.41667,610
2024_35_B,2024,35,B,seven,Upper_Jay,New-York,USA,-73.66667,44.41667,610
2103_36_B,2103,36,B,eight,Centra_Acadia_Forest_Experiment_Station,New-Brunswick,Canada,-66.33333,46.03333,60
2103_37_B,2103,37,B,eight,Centra_Acadia_Forest_Experiment_Station,New-Brunswick,Canada,-66.33333,46.03333,60
2103_38_B,2103,38,B,eight,Centra_Acadia_Forest_Experiment_Station,New-Brunswick,Canada,-66.33333,46.03333,60
2103_39_B,2103,39,B,eight,Centra_Acadia_Forest_Experiment_Station,New-Brunswick,Canada,-66.33333,46.03333,60
2103_40_B,2103,40,B,eight,Centra_Acadia_Forest_Experiment_Station,New-Brunswick,Canada,-66.33333,46.03333,60
2030_41_B,2030,41,B,nine,Amherst,Maine,USA,-68.38333,44.9,150
2030_42_B,2030,42,B,nine,Amherst,Maine,USA,-68.38333,44.9,150
2030_43_B,2030,43,B,nine,Amherst,Maine,USA,-68.38333,44.9,150
2030_44_B,2030,44,B,nine,Amherst,Maine,USA,-68.38333,44.9,150
2030_45_B,2030,45,B,nine,Amherst,Maine,USA,-68.38333,44.9,150
2032_46_B,2032,46,B,ten,Valcartier_Forest_Experimental_Station,Quebec,Canada,-71.55,46.91667,270
2032_47_B,2032,47,B,ten,Valcartier_Forest_Experimental_Station,Quebec,Canada,-71.55,46.91667,270
2032_48_B,2032,48,B,ten,Valcartier_Forest_Experimental_Station,Quebec,Canada,-71.55,46.91667,270
2032_49_B,2032,49,B,ten,Valcartier_Forest_Experimental_Station,Quebec,Canada,-71.55,46.91667,270
2032_50_B,2032,50,B,ten,Valcartier_Forest_Experimental_Station,Quebec,Canada,-71.55,46.91667,270
2101_51_B,2101,51,B,eleven,Corberrie,Nova-Scotia,Canada,-65.9,44.16667,60
2101_52_B,2101,52,B,eleven,Corberrie,Nova-Scotia,Canada,-65.9,44.16667,60
2101_53_B,2101,53,B,eleven,Corberrie,Nova-Scotia,Canada,-65.9,44.16667,60
2101_54_B,2101,54,B,eleven,Corberrie,Nova-Scotia,Canada,-65.9,44.16667,60
2101_55_B,2101,55,B,eleven,Corberrie,Nova-Scotia,Canada,-65.9,44.16667,60
2019_56_B,2019,56,B,twelve,Indian_Gap,North_Carolina,USA,-83.45,35.6,1620
2019_57_B,2019,57,B,twelve,Indian_Gap,North_Carolina,USA,-83.45,35.6,1620
2019_58_B,2019,58,B,twelve,Indian_Gap,North_Carolina,USA,-83.45,35.6,1620
2019_59_B,2019,59,B,twelve,Indian_Gap,North_Carolina,USA,-83.45,35.6,1620
2019_60_B,2019,60,B,twelve,Indian_Gap,North_Carolina,USA,-83.45,35.6,1620
2027_1_C,2027,1,C,one,Pillsbury_State_Forest,New-Hampshire,USA,-72.08333,43.2,500
2027_2_C,2027,2,C,one,Pillsbury_State_Forest,New-Hampshire,USA,-72.08333,43.2,500
2027_3_C,2027,3,C,one,Pillsbury_State_Forest,New-Hampshire,USA,-72.08333,43.2,500
2027_4_C,2027,4,C,one,Pillsbury_State_Forest,New-Hampshire,USA,-72.08333,43.2,500
2027_5_C,2027,5,C,one,Pillsbury_State_Forest,New-Hampshire,USA,-72.08333,43.2,500
2505_6_C,2505,6,C,two,Eastern_Acadia_Forest_Experiment_Station,New-Brunswick,Canada,-66.2,46.03333,60
2505_7_C,2505,7,C,two,Eastern_Acadia_Forest_Experiment_Station,New-Brunswick,Canada,-66.2,46.03333,60
2505_8_C,2505,8,C,two,Eastern_Acadia_Forest_Experiment_Station,New-Brunswick,Canada,-66.2,46.03333,60
2505_9_C,2505,9,C,two,Eastern_Acadia_Forest_Experiment_Station,New-Brunswick,Canada,-66.2,46.03333,60
2505_10_C,2505,10,C,two,Eastern_Acadia_Forest_Experiment_Station,New-Brunswick,Canada,-66.2,46.03333,60
2022_11_C,2022,11,C,three,October_Mtn_State_Forest,Massachusetts,USA,-73.25,42.36667,550
2022_12_C,2022,12,C,three,October_Mtn_State_Forest,Massachusetts,USA,-73.25,42.36667,550
2022_13_C,2022,13,C,three,October_Mtn_State_Forest,Massachusetts,USA,-73.25,42.36667,550
2022_14_C,2022,14,C,three,October_Mtn_State_Forest,Massachusetts,USA,-73.25,42.36667,550
2022_15_C,2022,15,C,three,October_Mtn_State_Forest,Massachusetts,USA,-73.25,42.36667,550
2100_16_C,2100,16,C,four,Sheet_Harbour_Waters,Nova-Scotia,Canada,-62.73333,45.2,60
2100_17_C,2100,17,C,four,Sheet_Harbour_Waters,Nova-Scotia,Canada,-62.73333,45.2,60
2100_18_C,2100,18,C,four,Sheet_Harbour_Waters,Nova-Scotia,Canada,-62.73333,45.2,60
2100_19_C,2100,19,C,four,Sheet_Harbour_Waters,Nova-Scotia,Canada,-62.73333,45.2,60
2100_20_C,2100,20,C,four,Sheet_Harbour_Waters,Nova-Scotia,Canada,-62.73333,45.2,60
2021_21_C,2021,21,C,five,Bear_Meadows,Pennsylvania,USA,-77.75,40.7291,550
2021_22_C,2021,22,C,five,Bear_Meadows,Pennsylvania,USA,-77.75,40.7291,550
2021_23_C,2021,23,C,five,Bear_Meadows,Pennsylvania,USA,-77.75,40.7291,550
2021_24_C,2021,24,C,five,Bear_Meadows,Pennsylvania,USA,-77.75,40.7291,550
2021_25_C,2021,25,C,five,Bear_Meadows,Pennsylvania,USA,-77.75,40.7291,550
2020_26_C,2020,26,C,six,Glade_Run,West_Virginia,USA,-79.83333,38.63333,1160
2020_27_C,2020,27,C,six,Glade_Run,West_Virginia,USA,-79.83333,38.63333,1160
2020_28_C,2020,28,C,six,Glade_Run,West_Virginia,USA,-79.83333,38.63333,1160
2020_29_C,2020,29,C,six,Glade_Run,West_Virginia,USA,-79.83333,38.63333,1160
2020_30_C,2020,30,C,six,Glade_Run,West_Virginia,USA,-79.83333,38.63333,1160
2024_31_C,2024,31,C,seven,Upper_Jay,New-York,USA,-73.66667,44.41667,610
2024_32_C,2024,32,C,seven,Upper_Jay,New-York,USA,-73.66667,44.41667,610
2024_33_C,2024,33,C,seven,Upper_Jay,New-York,USA,-73.66667,44.41667,610
2024_34_C,2024,34,C,seven,Upper_Jay,New-York,USA,-73.66667,44.41667,610
2024_35_C,2024,35,C,seven,Upper_Jay,New-York,USA,-73.66667,44.41667,610
2103_36_C,2103,36,C,eight,Centra_Acadia_Forest_Experiment_Station,New-Brunswick,Canada,-66.33333,46.03333,60
2103_37_C,2103,37,C,eight,Centra_Acadia_Forest_Experiment_Station,New-Brunswick,Canada,-66.33333,46.03333,60
2103_38_C,2103,38,C,eight,Centra_Acadia_Forest_Experiment_Station,New-Brunswick,Canada,-66.33333,46.03333,60
2103_39_C,2103,39,C,eight,Centra_Acadia_Forest_Experiment_Station,New-Brunswick,Canada,-66.33333,46.03333,60
2103_40_C,2103,40,C,eight,Centra_Acadia_Forest_Experiment_Station,New-Brunswick,Canada,-66.33333,46.03333,60
2030_41_C,2030,41,C,nine,Amherst,Maine,USA,-68.38333,44.9,150
2030_42_C,2030,42,C,nine,Amherst,Maine,USA,-68.38333,44.9,150
2030_43_C,2030,43,C,nine,Amherst,Maine,USA,-68.38333,44.9,150
2030_44_C,2030,44,C,nine,Amherst,Maine,USA,-68.38333,44.9,150
2030_45_C,2030,45,C,nine,Amherst,Maine,USA,-68.38333,44.9,150
2032_46_C,2032,46,C,ten,Valcartier_Forest_Experimental_Station,Quebec,Canada,-71.55,46.91667,270
2032_47_C,2032,47,C,ten,Valcartier_Forest_Experimental_Station,Quebec,Canada,-71.55,46.91667,270
2032_48_C,2032,48,C,ten,Valcartier_Forest_Experimental_Station,Quebec,Canada,-71.55,46.91667,270
2032_49_C,2032,49,C,ten,Valcartier_Forest_Experimental_Station,Quebec,Canada,-71.55,46.91667,270
2032_50_C,2032,50,C,ten,Valcartier_Forest_Experimental_Station,Quebec,Canada,-71.55,46.91667,270
2101_51_C,2101,51,C,eleven,Corberrie,Nova-Scotia,Canada,-65.9,44.16667,60
2101_52_C,2101,52,C,eleven,Corberrie,Nova-Scotia,Canada,-65.9,44.16667,60
2101_53_C,2101,53,C,eleven,Corberrie,Nova-Scotia,Canada,-65.9,44.16667,60
2101_54_C,2101,54,C,eleven,Corberrie,Nova-Scotia,Canada,-65.9,44.16667,60
2101_55_C,2101,55,C,eleven,Corberrie,Nova-Scotia,Canada,-65.9,44.16667,60
2019_56_C,2019,56,C,twelve,Indian_Gap,North_Carolina,USA,-83.45,35.6,1620
2019_57_C,2019,57,C,twelve,Indian_Gap,North_Carolina,USA,-83.45,35.6,1620
2019_58_C,2019,58,C,twelve,Indian_Gap,North_Carolina,USA,-83.45,35.6,1620
2019_59_C,2019,59,C,twelve,Indian_Gap,North_Carolina,USA,-83.45,35.6,1620
2019_60_C,2019,60,C,twelve,Indian_Gap,North_Carolina,USA,-83.45,35.6,1620
2027_1_D,2027,1,D,one,Pillsbury_State_Forest,New-Hampshire,USA,-72.08333,43.2,500
2027_2_D,2027,2,D,one,Pillsbury_State_Forest,New-Hampshire,USA,-72.08333,43.2,500
2027_3_D,2027,3,D,one,Pillsbury_State_Forest,New-Hampshire,USA,-72.08333,43.2,500
2027_4_D,2027,4,D,one,Pillsbury_State_Forest,New-Hampshire,USA,-72.08333,43.2,500
2027_5_D,2027,5,D,one,Pillsbury_State_Forest,New-Hampshire,USA,-72.08333,43.2,500
2505_6_D,2505,6,D,two,Eastern_Acadia_Forest_Experiment_Station,New-Brunswick,Canada,-66.2,46.03333,60
2505_7_D,2505,7,D,two,Eastern_Acadia_Forest_Experiment_Station,New-Brunswick,Canada,-66.2,46.03333,60
2505_8_D,2505,8,D,two,Eastern_Acadia_Forest_Experiment_Station,New-Brunswick,Canada,-66.2,46.03333,60
2505_9_D,2505,9,D,two,Eastern_Acadia_Forest_Experiment_Station,New-Brunswick,Canada,-66.2,46.03333,60
2505_10_D,2505,10,D,two,Eastern_Acadia_Forest_Experiment_Station,New-Brunswick,Canada,-66.2,46.03333,60
2022_11_D,2022,11,D,three,October_Mtn_State_Forest,Massachusetts,USA,-73.25,42.36667,550
2022_12_D,2022,12,D,three,October_Mtn_State_Forest,Massachusetts,USA,-73.25,42.36667,550
2022_13_D,2022,13,D,three,October_Mtn_State_Forest,Massachusetts,USA,-73.25,42.36667,550
2022_14_D,2022,14,D,three,October_Mtn_State_Forest,Massachusetts,USA,-73.25,42.36667,550
2022_15_D,2022,15,D,three,October_Mtn_State_Forest,Massachusetts,USA,-73.25,42.36667,550
2100_16_D,2100,16,D,four,Sheet_Harbour_Waters,Nova-Scotia,Canada,-62.73333,45.2,60
2100_17_D,2100,17,D,four,Sheet_Harbour_Waters,Nova-Scotia,Canada,-62.73333,45.2,60
2100_18_D,2100,18,D,four,Sheet_Harbour_Waters,Nova-Scotia,Canada,-62.73333,45.2,60
2100_19_D,2100,19,D,four,Sheet_Harbour_Waters,Nova-Scotia,Canada,-62.73333,45.2,60
2100_20_D,2100,20,D,four,Sheet_Harbour_Waters,Nova-Scotia,Canada,-62.73333,45.2,60
2021_21_D,2021,21,D,five,Bear_Meadows,Pennsylvania,USA,-77.75,40.7291,550
2021_22_D,2021,22,D,five,Bear_Meadows,Pennsylvania,USA,-77.75,40.7291,550
2021_23_D,2021,23,D,five,Bear_Meadows,Pennsylvania,USA,-77.75,40.7291,550
2021_24_D,2021,24,D,five,Bear_Meadows,Pennsylvania,USA,-77.75,40.7291,550
2021_25_D,2021,25,D,five,Bear_Meadows,Pennsylvania,USA,-77.75,40.7291,550
2020_26_D,2020,26,D,six,Glade_Run,West_Virginia,USA,-79.83333,38.63333,1160
2020_27_D,2020,27,D,six,Glade_Run,West_Virginia,USA,-79.83333,38.63333,1160
2020_28_D,2020,28,D,six,Glade_Run,West_Virginia,USA,-79.83333,38.63333,1160
2020_29_D,2020,29,D,six,Glade_Run,West_Virginia,USA,-79.83333,38.63333,1160
2020_30_D,2020,30,D,six,Glade_Run,West_Virginia,USA,-79.83333,38.63333,1160
2024_31_D,2024,31,D,seven,Upper_Jay,New-York,USA,-73.66667,44.41667,610
2024_32_D,2024,32,D,seven,Upper_Jay,New-York,USA,-73.66667,44.41667,610
2024_33_D,2024,33,D,seven,Upper_Jay,New-York,USA,-73.66667,44.41667,610
2024_34_D,2024,34,D,seven,Upper_Jay,New-York,USA,-73.66667,44.41667,610
2024_35_D,2024,35,D,seven,Upper_Jay,New-York,USA,-73.66667,44.41667,610
2103_36_D,2103,36,D,eight,Centra_Acadia_Forest_Experiment_Station,New-Brunswick,Canada,-66.33333,46.03333,60
2103_37_D,2103,37,D,eight,Centra_Acadia_Forest_Experiment_Station,New-Brunswick,Canada,-66.33333,46.03333,60
2103_38_D,2103,38,D,eight,Centra_Acadia_Forest_Experiment_Station,New-Brunswick,Canada,-66.33333,46.03333,60
2103_39_D,2103,39,D,eight,Centra_Acadia_Forest_Experiment_Station,New-Brunswick,Canada,-66.33333,46.03333,60
2103_40_D,2103,40,D,eight,Centra_Acadia_Forest_Experiment_Station,New-Brunswick,Canada,-66.33333,46.03333,60
2030_41_D,2030,41,D,nine,Amherst,Maine,USA,-68.38333,44.9,150
2030_42_D,2030,42,D,nine,Amherst,Maine,USA,-68.38333,44.9,150
2030_43_D,2030,43,D,nine,Amherst,Maine,USA,-68.38333,44.9,150
2030_44_D,2030,44,D,nine,Amherst,Maine,USA,-68.38333,44.9,150
2030_45_D,2030,45,D,nine,Amherst,Maine,USA,-68.38333,44.9,150
2032_46_D,2032,46,D,ten,Valcartier_Forest_Experimental_Station,Quebec,Canada,-71.55,46.91667,270
2032_47_D,2032,47,D,ten,Valcartier_Forest_Experimental_Station,Quebec,Canada,-71.55,46.91667,270
2032_48_D,2032,48,D,ten,Valcartier_Forest_Experimental_Station,Quebec,Canada,-71.55,46.91667,270
2032_49_D,2032,49,D,ten,Valcartier_Forest_Experimental_Station,Quebec,Canada,-71.55,46.91667,270
2032_50_D,2032,50,D,ten,Valcartier_Forest_Experimental_Station,Quebec,Canada,-71.55,46.91667,270
2101_51_D,2101,51,D,eleven,Corberrie,Nova-Scotia,Canada,-65.9,44.16667,60
2101_52_D,2101,52,D,eleven,Corberrie,Nova-Scotia,Canada,-65.9,44.16667,60
2101_53_D,2101,53,D,eleven,Corberrie,Nova-Scotia,Canada,-65.9,44.16667,60
2101_54_D,2101,54,D,eleven,Corberrie,Nova-Scotia,Canada,-65.9,44.16667,60
2101_55_D,2101,55,D,eleven,Corberrie,Nova-Scotia,Canada,-65.9,44.16667,60
2019_56_D,2019,56,D,twelve,Indian_Gap,North_Carolina,USA,-83.45,35.6,1620
2019_57_D,2019,57,D,twelve,Indian_Gap,North_Carolina,USA,-83.45,35.6,1620
2019_58_D,2019,58,D,twelve,Indian_Gap,North_Carolina,USA,-83.45,35.6,1620
2019_59_D,2019,59,D,twelve,Indian_Gap,North_Carolina,USA,-83.45,35.6,1620
2019_60_D,2019,60,D,twelve,Indian_Gap,North_Carolina,USA,-83.45,35.6,1620
2027_1_E,2027,1,E,one,Pillsbury_State_Forest,New-Hampshire,USA,-72.08333,43.2,500
2027_2_E,2027,2,E,one,Pillsbury_State_Forest,New-Hampshire,USA,-72.08333,43.2,500
2027_3_E,2027,3,E,one,Pillsbury_State_Forest,New-Hampshire,USA,-72.08333,43.2,500
2027_4_E,2027,4,E,one,Pillsbury_State_Forest,New-Hampshire,USA,-72.08333,43.2,500
2027_5_E,2027,5,E,one,Pillsbury_State_Forest,New-Hampshire,USA,-72.08333,43.2,500
2505_6_E,2505,6,E,two,Eastern_Acadia_Forest_Experiment_Station,New-Brunswick,Canada,-66.2,46.03333,60
2505_7_E,2505,7,E,two,Eastern_Acadia_Forest_Experiment_Station,New-Brunswick,Canada,-66.2,46.03333,60
2505_8_E,2505,8,E,two,Eastern_Acadia_Forest_Experiment_Station,New-Brunswick,Canada,-66.2,46.03333,60
2505_9_E,2505,9,E,two,Eastern_Acadia_Forest_Experiment_Station,New-Brunswick,Canada,-66.2,46.03333,60
2505_10_E,2505,10,E,two,Eastern_Acadia_Forest_Experiment_Station,New-Brunswick,Canada,-66.2,46.03333,60
2022_11_E,2022,11,E,three,October_Mtn_State_Forest,Massachusetts,USA,-73.25,42.36667,550
2022_12_E,2022,12,E,three,October_Mtn_State_Forest,Massachusetts,USA,-73.25,42.36667,550
2022_13_E,2022,13,E,three,October_Mtn_State_Forest,Massachusetts,USA,-73.25,42.36667,550
2022_14_E,2022,14,E,three,October_Mtn_State_Forest,Massachusetts,USA,-73.25,42.36667,550
2022_15_E,2022,15,E,three,October_Mtn_State_Forest,Massachusetts,USA,-73.25,42.36667,550
2100_16_E,2100,16,E,four,Sheet_Harbour_Waters,Nova-Scotia,Canada,-62.73333,45.2,60
2100_17_E,2100,17,E,four,Sheet_Harbour_Waters,Nova-Scotia,Canada,-62.73333,45.2,60
2100_18_E,2100,18,E,four,Sheet_Harbour_Waters,Nova-Scotia,Canada,-62.73333,45.2,60
2100_19_E,2100,19,E,four,Sheet_Harbour_Waters,Nova-Scotia,Canada,-62.73333,45.2,60
2100_20_E,2100,20,E,four,Sheet_Harbour_Waters,Nova-Scotia,Canada,-62.73333,45.2,60
2021_21_E,2021,21,E,five,Bear_Meadows,Pennsylvania,USA,-77.75,40.7291,550
2021_22_E,2021,22,E,five,Bear_Meadows,Pennsylvania,USA,-77.75,40.7291,550
2021_23_E,2021,23,E,five,Bear_Meadows,Pennsylvania,USA,-77.75,40.7291,550
2021_24_E,2021,24,E,five,Bear_Meadows,Pennsylvania,USA,-77.75,40.7291,550
2021_25_E,2021,25,E,five,Bear_Meadows,Pennsylvania,USA,-77.75,40.7291,550
2020_26_E,2020,26,E,six,Glade_Run,West_Virginia,USA,-79.83333,38.63333,1160
2020_27_E,2020,27,E,six,Glade_Run,West_Virginia,USA,-79.83333,38.63333,1160
2020_28_E,2020,28,E,six,Glade_Run,West_Virginia,USA,-79.83333,38.63333,1160
2020_29_E,2020,29,E,six,Glade_Run,West_Virginia,USA,-79.83333,38.63333,1160
2020_30_E,2020,30,E,six,Glade_Run,West_Virginia,USA,-79.83333,38.63333,1160
2024_31_E,2024,31,E,seven,Upper_Jay,New-York,USA,-73.66667,44.41667,610
2024_32_E,2024,32,E,seven,Upper_Jay,New-York,USA,-73.66667,44.41667,610
2024_33_E,2024,33,E,seven,Upper_Jay,New-York,USA,-73.66667,44.41667,610
2024_34_E,2024,34,E,seven,Upper_Jay,New-York,USA,-73.66667,44.41667,610
2024_35_E,2024,35,E,seven,Upper_Jay,New-York,USA,-73.66667,44.41667,610
2103_36_E,2103,36,E,eight,Centra_Acadia_Forest_Experiment_Station,New-Brunswick,Canada,-66.33333,46.03333,60
2103_37_E,2103,37,E,eight,Centra_Acadia_Forest_Experiment_Station,New-Brunswick,Canada,-66.33333,46.03333,60
2103_38_E,2103,38,E,eight,Centra_Acadia_Forest_Experiment_Station,New-Brunswick,Canada,-66.33333,46.03333,60
2103_39_E,2103,39,E,eight,Centra_Acadia_Forest_Experiment_Station,New-Brunswick,Canada,-66.33333,46.03333,60
2103_40_E,2103,40,E,eight,Centra_Acadia_Forest_Experiment_Station,New-Brunswick,Canada,-66.33333,46.03333,60
2030_41_E,2030,41,E,nine,Amherst,Maine,USA,-68.38333,44.9,150
2030_42_E,2030,42,E,nine,Amherst,Maine,USA,-68.38333,44.9,150
2030_43_E,2030,43,E,nine,Amherst,Maine,USA,-68.38333,44.9,150
2030_44_E,2030,44,E,nine,Amherst,Maine,USA,-68.38333,44.9,150
2030_45_E,2030,45,E,nine,Amherst,Maine,USA,-68.38333,44.9,150
2032_46_E,2032,46,E,ten,Valcartier_Forest_Experimental_Station,Quebec,Canada,-71.55,46.91667,270
2032_47_E,2032,47,E,ten,Valcartier_Forest_Experimental_Station,Quebec,Canada,-71.55,46.91667,270
2032_48_E,2032,48,E,ten,Valcartier_Forest_Experimental_Station,Quebec,Canada,-71.55,46.91667,270
2032_49_E,2032,49,E,ten,Valcartier_Forest_Experimental_Station,Quebec,Canada,-71.55,46.91667,270
2032_50_E,2032,50,E,ten,Valcartier_Forest_Experimental_Station,Quebec,Canada,-71.55,46.91667,270
2101_51_E,2101,51,E,eleven,Corberrie,Nova-Scotia,Canada,-65.9,44.16667,60
2101_52_E,2101,52,E,eleven,Corberrie,Nova-Scotia,Canada,-65.9,44.16667,60
2101_53_E,2101,53,E,eleven,Corberrie,Nova-Scotia,Canada,-65.9,44.16667,60
2101_54_E,2101,54,E,eleven,Corberrie,Nova-Scotia,Canada,-65.9,44.16667,60
2101_55_E,2101,55,E,eleven,Corberrie,Nova-Scotia,Canada,-65.9,44.16667,60
2019_56_E,2019,56,E,twelve,Indian_Gap,North_Carolina,USA,-83.45,35.6,1620
2019_57_E,2019,57,E,twelve,Indian_Gap,North_Carolina,USA,-83.45,35.6,1620
2019_58_E,2019,58,E,twelve,Indian_Gap,North_Carolina,USA,-83.45,35.6,1620
2019_59_E,2019,59,E,twelve,Indian_Gap,North_Carolina,USA,-83.45,35.6,1620
2019_60_E,2019,60,E,twelve,Indian_Gap,North_Carolina,USA,-83.45,35.6,1620
2030_1_F,2030,1,F,thirteen,Amherst,Maine,USA,-68.38333,44.9,150
2030_2_F,2030,2,F,thirteen,Amherst,Maine,USA,-68.38333,44.9,150
2030_3_F,2030,3,F,thirteen,Amherst,Maine,USA,-68.38333,44.9,150
2030_4_F,2030,4,F,thirteen,Amherst,Maine,USA,-68.38333,44.9,150
2030_5_F,2030,5,F,thirteen,Amherst,Maine,USA,-68.38333,44.9,150
2021_6_F,2021,6,F,fourteen,Bear_Meadows,Pennsylvania,USA,-77.75,40.7291,550
2021_7_F,2021,7,F,fourteen,Bear_Meadows,Pennsylvania,USA,-77.75,40.7291,550
2021_8_F,2021,8,F,fourteen,Bear_Meadows,Pennsylvania,USA,-77.75,40.7291,550
2021_9_F,2021,9,F,fourteen,Bear_Meadows,Pennsylvania,USA,-77.75,40.7291,550
2021_10_F,2021,10,F,fourteen,Bear_Meadows,Pennsylvania,USA,-77.75,40.7291,550
2101_11_F,2101,11,F,fifteen,Corberrie,Nova-Scotia,Canada,-65.9,44.16667,60
2101_12_F,2101,12,F,fifteen,Corberrie,Nova-Scotia,Canada,-65.9,44.16667,60
2101_13_F,2101,13,F,fifteen,Corberrie,Nova-Scotia,Canada,-65.9,44.16667,60
2101_14_F,2101,14,F,fifteen,Corberrie,Nova-Scotia,Canada,-65.9,44.16667,60
2101_15_F,2101,15,F,fifteen,Corberrie,Nova-Scotia,Canada,-65.9,44.16667,60
2024_16_F,2024,16,F,sixteen,Upper_Jay,New-York,USA,-73.66667,44.41667,610
2024_17_F,2024,17,F,sixteen,Upper_Jay,New-York,USA,-73.66667,44.41667,610
2024_18_F,2024,18,F,sixteen,Upper_Jay,New-York,USA,-73.66667,44.41667,610
2024_19_F,2024,19,F,sixteen,Upper_Jay,New-York,USA,-73.66667,44.41667,610
2024_20_F,2024,20,F,sixteen,Upper_Jay,New-York,USA,-73.66667,44.41667,610
2032_21_F,2032,21,F,seventeen,Valcartier_Forest_Experimental_Station,Quebec,Canada,-71.55,46.91667,270
2032_22_F,2032,22,F,seventeen,Valcartier_Forest_Experimental_Station,Quebec,Canada,-71.55,46.91667,270
2032_23_F,2032,23,F,seventeen,Valcartier_Forest_Experimental_Station,Quebec,Canada,-71.55,46.91667,270
2032_24_F,2032,24,F,seventeen,Valcartier_Forest_Experimental_Station,Quebec,Canada,-71.55,46.91667,270
2032_25_F,2032,25,F,seventeen,Valcartier_Forest_Experimental_Station,Quebec,Canada,-71.55,46.91667,270
2103_26_F,2103,26,F,eighteen,Centra_Acadia_Forest_Experiment_Station,New-Brunswick,Canada,-66.33333,46.03333,60
2103_27_F,2103,27,F,eighteen,Centra_Acadia_Forest_Experiment_Station,New-Brunswick,Canada,-66.33333,46.03333,60
2103_28_F,2103,28,F,eighteen,Centra_Acadia_Forest_Experiment_Station,New-Brunswick,Canada,-66.33333,46.03333,60
2103_29_F,2103,29,F,eighteen,Centra_Acadia_Forest_Experiment_Station,New-Brunswick,Canada,-66.33333,46.03333,60
2103_30_F,2103,30,F,eighteen,Centra_Acadia_Forest_Experiment_Station,New-Brunswick,Canada,-66.33333,46.03333,60
2019_31_F,2019,31,F,nineteen,Indian_Gap,North_Carolina,USA,-83.45,35.6,1620
2019_32_F,2019,32,F,nineteen,Indian_Gap,North_Carolina,USA,-83.45,35.6,1620
2019_33_F,2019,33,F,nineteen,Indian_Gap,North_Carolina,USA,-83.45,35.6,1620
2019_34_F,2019,34,F,nineteen,Indian_Gap,North_Carolina,USA,-83.45,35.6,1620
2019_35_F,2019,35,F,nineteen,Indian_Gap,North_Carolina,USA,-83.45,35.6,1620
2022_36_F,2022,36,F,twenty,October_Mtn_State_Forest,Massachusetts,USA,-73.25,42.36667,550
2022_37_F,2022,37,F,twenty,October_Mtn_State_Forest,Massachusetts,USA,-73.25,42.36667,550
2022_38_F,2022,38,F,twenty,October_Mtn_State_Forest,Massachusetts,USA,-73.25,42.36667,550
2022_39_F,2022,39,F,twenty,October_Mtn_State_Forest,Massachusetts,USA,-73.25,42.36667,550
2022_40_F,2022,40,F,twenty,October_Mtn_State_Forest,Massachusetts,USA,-73.25,42.36667,550
2027_41_F,2027,41,F,twentyone,Pillsbury_State_Forest,New-Hampshire,USA,-72.08333,43.2,500
2027_42_F,2027,42,F,twentyone,Pillsbury_State_Forest,New-Hampshire,USA,-72.08333,43.2,500
2027_43_F,2027,43,F,twentyone,Pillsbury_State_Forest,New-Hampshire,USA,-72.08333,43.2,500
2027_44_F,2027,44,F,twentyone,Pillsbury_State_Forest,New-Hampshire,USA,-72.08333,43.2,500
2027_45_F,2027,45,F,twentyone,Pillsbury_State_Forest,New-Hampshire,USA,-72.08333,43.2,500
2100_46_F,2100,46,F,twentytwo,Sheet_Harbour_Waters,Nova-Scotia,Canada,-62.73333,45.2,60
2100_47_F,2100,47,F,twentytwo,Sheet_Harbour_Waters,Nova-Scotia,Canada,-62.73333,45.2,60
2100_48_F,2100,48,F,twentytwo,Sheet_Harbour_Waters,Nova-Scotia,Canada,-62.73333,45.2,60
2100_49_F,2100,49,F,twentytwo,Sheet_Harbour_Waters,Nova-Scotia,Canada,-62.73333,45.2,60
2100_50_F,2100,50,F,twentytwo,Sheet_Harbour_Waters,Nova-Scotia,Canada,-62.73333,45.2,60
2020_51_F,2020,51,F,twentythree,Glade_Run,West_Virginia,USA,-79.83333,38.63333,1160
2020_52_F,2020,52,F,twentythree,Glade_Run,West_Virginia,USA,-79.83333,38.63333,1160
2020_53_F,2020,53,F,twentythree,Glade_Run,West_Virginia,USA,-79.83333,38.63333,1160
2020_54_F,2020,54,F,twentythree,Glade_Run,West_Virginia,USA,-79.83333,38.63333,1160
2020_55_F,2020,55,F,twentythree,Glade_Run,West_Virginia,USA,-79.83333,38.63333,1160
2505_56_F,2505,56,F,twentyfour,Eastern_Acadia_Forest_Experiment_Station,New-Brunswick,Canada,-66.2,46.03333,60
2505_57_F,2505,57,F,twentyfour,Eastern_Acadia_Forest_Experiment_Station,New-Brunswick,Canada,-66.2,46.03333,60
2505_58_F,2505,58,F,twentyfour,Eastern_Acadia_Forest_Experiment_Station,New-Brunswick,Canada,-66.2,46.03333,60
2505_59_F,2505,59,F,twentyfour,Eastern_Acadia_Forest_Experiment_Station,New-Brunswick,Canada,-66.2,46.03333,60
2505_60_F,2505,60,F,twentyfour,Eastern_Acadia_Forest_Experiment_Station,New-Brunswick,Canada,-66.2,46.03333,60
2030_1_G,2030,1,G,thirteen,Amherst,Maine,USA,-68.38333,44.9,150
2030_2_G,2030,2,G,thirteen,Amherst,Maine,USA,-68.38333,44.9,150
2030_3_G,2030,3,G,thirteen,Amherst,Maine,USA,-68.38333,44.9,150
2030_4_G,2030,4,G,thirteen,Amherst,Maine,USA,-68.38333,44.9,150
2030_5_G,2030,5,G,thirteen,Amherst,Maine,USA,-68.38333,44.9,150
2021_6_G,2021,6,G,fourteen,Bear_Meadows,Pennsylvania,USA,-77.75,40.7291,550
2021_7_G,2021,7,G,fourteen,Bear_Meadows,Pennsylvania,USA,-77.75,40.7291,550
2021_8_G,2021,8,G,fourteen,Bear_Meadows,Pennsylvania,USA,-77.75,40.7291,550
2021_9_G,2021,9,G,fourteen,Bear_Meadows,Pennsylvania,USA,-77.75,40.7291,550
2021_10_G,2021,10,G,fourteen,Bear_Meadows,Pennsylvania,USA,-77.75,40.7291,550
2101_11_G,2101,11,G,fifteen,Corberrie,Nova-Scotia,Canada,-65.9,44.16667,60
2101_12_G,2101,12,G,fifteen,Corberrie,Nova-Scotia,Canada,-65.9,44.16667,60
2101_13_G,2101,13,G,fifteen,Corberrie,Nova-Scotia,Canada,-65.9,44.16667,60
2101_14_G,2101,14,G,fifteen,Corberrie,Nova-Scotia,Canada,-65.9,44.16667,60
2101_15_G,2101,15,G,fifteen,Corberrie,Nova-Scotia,Canada,-65.9,44.16667,60
2024_16_G,2024,16,G,sixteen,Upper_Jay,New-York,USA,-73.66667,44.41667,610
2024_17_G,2024,17,G,sixteen,Upper_Jay,New-York,USA,-73.66667,44.41667,610
2024_18_G,2024,18,G,sixteen,Upper_Jay,New-York,USA,-73.66667,44.41667,610
2024_19_G,2024,19,G,sixteen,Upper_Jay,New-York,USA,-73.66667,44.41667,610
2024_20_G,2024,20,G,sixteen,Upper_Jay,New-York,USA,-73.66667,44.41667,610
2032_21_G,2032,21,G,seventeen,Valcartier_Forest_Experimental_Station,Quebec,Canada,-71.55,46.91667,270
2032_22_G,2032,22,G,seventeen,Valcartier_Forest_Experimental_Station,Quebec,Canada,-71.55,46.91667,270
2032_23_G,2032,23,G,seventeen,Valcartier_Forest_Experimental_Station,Quebec,Canada,-71.55,46.91667,270
2032_24_G,2032,24,G,seventeen,Valcartier_Forest_Experimental_Station,Quebec,Canada,-71.55,46.91667,270
2032_25_G,2032,25,G,seventeen,Valcartier_Forest_Experimental_Station,Quebec,Canada,-71.55,46.91667,270
2103_26_G,2103,26,G,eighteen,Centra_Acadia_Forest_Experiment_Station,New-Brunswick,Canada,-66.33333,46.03333,60
2103_27_G,2103,27,G,eighteen,Centra_Acadia_Forest_Experiment_Station,New-Brunswick,Canada,-66.33333,46.03333,60
2103_28_G,2103,28,G,eighteen,Centra_Acadia_Forest_Experiment_Station,New-Brunswick,Canada,-66.33333,46.03333,60
2103_29_G,2103,29,G,eighteen,Centra_Acadia_Forest_Experiment_Station,New-Brunswick,Canada,-66.33333,46.03333,60
2103_30_G,2103,30,G,eighteen,Centra_Acadia_Forest_Experiment_Station,New-Brunswick,Canada,-66.33333,46.03333,60
2019_31_G,2019,31,G,nineteen,Indian_Gap,North_Carolina,USA,-83.45,35.6,1620
2019_32_G,2019,32,G,nineteen,Indian_Gap,North_Carolina,USA,-83.45,35.6,1620
2019_33_G,2019,33,G,nineteen,Indian_Gap,North_Carolina,USA,-83.45,35.6,1620
2019_34_G,2019,34,G,nineteen,Indian_Gap,North_Carolina,USA,-83.45,35.6,1620
2019_35_G,2019,35,G,nineteen,Indian_Gap,North_Carolina,USA,-83.45,35.6,1620
2022_36_G,2022,36,G,twenty,October_Mtn_State_Forest,Massachusetts,USA,-73.25,42.36667,550
2022_37_G,2022,37,G,twenty,October_Mtn_State_Forest,Massachusetts,USA,-73.25,42.36667,550
2022_38_G,2022,38,G,twenty,October_Mtn_State_Forest,Massachusetts,USA,-73.25,42.36667,550
2022_39_G,2022,39,G,twenty,October_Mtn_State_Forest,Massachusetts,USA,-73.25,42.36667,550
2022_40_G,2022,40,G,twenty,October_Mtn_State_Forest,Massachusetts,USA,-73.25,42.36667,550
2027_41_G,2027,41,G,twentyone,Pillsbury_State_Forest,New-Hampshire,USA,-72.08333,43.2,500
2027_42_G,2027,42,G,twentyone,Pillsbury_State_Forest,New-Hampshire,USA,-72.08333,43.2,500
2027_43_G,2027,43,G,twentyone,Pillsbury_State_Forest,New-Hampshire,USA,-72.08333,43.2,500
2027_44_G,2027,44,G,twentyone,Pillsbury_State_Forest,New-Hampshire,USA,-72.08333,43.2,500
2027_45_G,2027,45,G,twentyone,Pillsbury_State_Forest,New-Hampshire,USA,-72.08333,43.2,500
2100_46_G,2100,46,G,twentytwo,Sheet_Harbour_Waters,Nova-Scotia,Canada,-62.73333,45.2,60
2100_47_G,2100,47,G,twentytwo,Sheet_Harbour_Waters,Nova-Scotia,Canada,-62.73333,45.2,60
2100_48_G,2100,48,G,twentytwo,Sheet_Harbour_Waters,Nova-Scotia,Canada,-62.73333,45.2,60
2100_49_G,2100,49,G,twentytwo,Sheet_Harbour_Waters,Nova-Scotia,Canada,-62.73333,45.2,60
2100_50_G,2100,50,G,twentytwo,Sheet_Harbour_Waters,Nova-Scotia,Canada,-62.73333,45.2,60
2020_51_G,2020,51,G,twentythree,Glade_Run,West_Virginia,USA,-79.83333,38.63333,1160
2020_52_G,2020,52,G,twentythree,Glade_Run,West_Virginia,USA,-79.83333,38.63333,1160
2020_53_G,2020,53,G,twentythree,Glade_Run,West_Virginia,USA,-79.83333,38.63333,1160
2020_54_G,2020,54,G,twentythree,Glade_Run,West_Virginia,USA,-79.83333,38.63333,1160
2020_55_G,2020,55,G,twentythree,Glade_Run,West_Virginia,USA,-79.83333,38.63333,1160
2505_56_G,2505,56,G,twentyfour,Eastern_Acadia_Forest_Experiment_Station,New-Brunswick,Canada,-66.2,46.03333,60
2505_57_G,2505,57,G,twentyfour,Eastern_Acadia_Forest_Experiment_Station,New-Brunswick,Canada,-66.2,46.03333,60
2505_58_G,2505,58,G,twentyfour,Eastern_Acadia_Forest_Experiment_Station,New-Brunswick,Canada,-66.2,46.03333,60
2505_59_G,2505,59,G,twentyfour,Eastern_Acadia_Forest_Experiment_Station,New-Brunswick,Canada,-66.2,46.03333,60
2505_60_G,2505,60,G,twentyfour,Eastern_Acadia_Forest_Experiment_Station,New-Brunswick,Canada,-66.2,46.03333,60
2030_1_H,2030,1,H,thirteen,Amherst,Maine,USA,-68.38333,44.9,150
2030_2_H,2030,2,H,thirteen,Amherst,Maine,USA,-68.38333,44.9,150
2030_3_H,2030,3,H,thirteen,Amherst,Maine,USA,-68.38333,44.9,150
2030_4_H,2030,4,H,thirteen,Amherst,Maine,USA,-68.38333,44.9,150
2030_5_H,2030,5,H,thirteen,Amherst,Maine,USA,-68.38333,44.9,150
2021_6_H,2021,6,H,fourteen,Bear_Meadows,Pennsylvania,USA,-77.75,40.7291,550
2021_7_H,2021,7,H,fourteen,Bear_Meadows,Pennsylvania,USA,-77.75,40.7291,550
2021_8_H,2021,8,H,fourteen,Bear_Meadows,Pennsylvania,USA,-77.75,40.7291,550
2021_9_H,2021,9,H,fourteen,Bear_Meadows,Pennsylvania,USA,-77.75,40.7291,550
2021_10_H,2021,10,H,fourteen,Bear_Meadows,Pennsylvania,USA,-77.75,40.7291,550
2101_11_H,2101,11,H,fifteen,Corberrie,Nova-Scotia,Canada,-65.9,44.16667,60
2101_12_H,2101,12,H,fifteen,Corberrie,Nova-Scotia,Canada,-65.9,44.16667,60
2101_13_H,2101,13,H,fifteen,Corberrie,Nova-Scotia,Canada,-65.9,44.16667,60
2101_14_H,2101,14,H,fifteen,Corberrie,Nova-Scotia,Canada,-65.9,44.16667,60
2101_15_H,2101,15,H,fifteen,Corberrie,Nova-Scotia,Canada,-65.9,44.16667,60
2024_16_H,2024,16,H,sixteen,Upper_Jay,New-York,USA,-73.66667,44.41667,610
2024_17_H,2024,17,H,sixteen,Upper_Jay,New-York,USA,-73.66667,44.41667,610
2024_18_H,2024,18,H,sixteen,Upper_Jay,New-York,USA,-73.66667,44.41667,610
2024_19_H,2024,19,H,sixteen,Upper_Jay,New-York,USA,-73.66667,44.41667,610
2024_20_H,2024,20,H,sixteen,Upper_Jay,New-York,USA,-73.66667,44.41667,610
2032_21_H,2032,21,H,seventeen,Valcartier_Forest_Experimental_Station,Quebec,Canada,-71.55,46.91667,270
2032_22_H,2032,22,H,seventeen,Valcartier_Forest_Experimental_Station,Quebec,Canada,-71.55,46.91667,270
2032_23_H,2032,23,H,seventeen,Valcartier_Forest_Experimental_Station,Quebec,Canada,-71.55,46.91667,270
2032_24_H,2032,24,H,seventeen,Valcartier_Forest_Experimental_Station,Quebec,Canada,-71.55,46.91667,270
2032_25_H,2032,25,H,seventeen,Valcartier_Forest_Experimental_Station,Quebec,Canada,-71.55,46.91667,270
2103_26_H,2103,26,H,eighteen,Centra_Acadia_Forest_Experiment_Station,New-Brunswick,Canada,-66.33333,46.03333,60
2103_27_H,2103,27,H,eighteen,Centra_Acadia_Forest_Experiment_Station,New-Brunswick,Canada,-66.33333,46.03333,60
2103_28_H,2103,28,H,eighteen,Centra_Acadia_Forest_Experiment_Station,New-Brunswick,Canada,-66.33333,46.03333,60
2103_29_H,2103,29,H,eighteen,Centra_Acadia_Forest_Experiment_Station,New-Brunswick,Canada,-66.33333,46.03333,60
2103_30_H,2103,30,H,eighteen,Centra_Acadia_Forest_Experiment_Station,New-Brunswick,Canada,-66.33333,46.03333,60
2019_31_H,2019,31,H,nineteen,Indian_Gap,North_Carolina,USA,-83.45,35.6,1620
2019_32_H,2019,32,H,nineteen,Indian_Gap,North_Carolina,USA,-83.45,35.6,1620
2019_33_H,2019,33,H,nineteen,Indian_Gap,North_Carolina,USA,-83.45,35.6,1620
2019_34_H,2019,34,H,nineteen,Indian_Gap,North_Carolina,USA,-83.45,35.6,1620
2019_35_H,2019,35,H,nineteen,Indian_Gap,North_Carolina,USA,-83.45,35.6,1620
2022_36_H,2022,36,H,twenty,October_Mtn_State_Forest,Massachusetts,USA,-73.25,42.36667,550
2022_37_H,2022,37,H,twenty,October_Mtn_State_Forest,Massachusetts,USA,-73.25,42.36667,550
2022_38_H,2022,38,H,twenty,October_Mtn_State_Forest,Massachusetts,USA,-73.25,42.36667,550
2022_39_H,2022,39,H,twenty,October_Mtn_State_Forest,Massachusetts,USA,-73.25,42.36667,550
2022_40_H,2022,40,H,twenty,October_Mtn_State_Forest,Massachusetts,USA,-73.25,42.36667,550
2027_41_H,2027,41,H,twentyone,Pillsbury_State_Forest,New-Hampshire,USA,-72.08333,43.2,500
2027_42_H,2027,42,H,twentyone,Pillsbury_State_Forest,New-Hampshire,USA,-72.08333,43.2,500
2027_43_H,2027,43,H,twentyone,Pillsbury_State_Forest,New-Hampshire,USA,-72.08333,43.2,500
2027_44_H,2027,44,H,twentyone,Pillsbury_State_Forest,New-Hampshire,USA,-72.08333,43.2,500
2027_45_H,2027,45,H,twentyone,Pillsbury_State_Forest,New-Hampshire,USA,-72.08333,43.2,500
2100_46_H,2100,46,H,twentytwo,Sheet_Harbour_Waters,Nova-Scotia,Canada,-62.73333,45.2,60
2100_47_H,2100,47,H,twentytwo,Sheet_Harbour_Waters,Nova-Scotia,Canada,-62.73333,45.2,60
2100_48_H,2100,48,H,twentytwo,Sheet_Harbour_Waters,Nova-Scotia,Canada,-62.73333,45.2,60
2100_49_H,2100,49,H,twentytwo,Sheet_Harbour_Waters,Nova-Scotia,Canada,-62.73333,45.2,60
2100_50_H,2100,50,H,twentytwo,Sheet_Harbour_Waters,Nova-Scotia,Canada,-62.73333,45.2,60
2020_51_H,2020,51,H,twentythree,Glade_Run,West_Virginia,USA,-79.83333,38.63333,1160
2020_52_H,2020,52,H,twentythree,Glade_Run,West_Virginia,USA,-79.83333,38.63333,1160
2020_53_H,2020,53,H,twentythree,Glade_Run,West_Virginia,USA,-79.83333,38.63333,1160
2020_54_H,2020,54,H,twentythree,Glade_Run,West_Virginia,USA,-79.83333,38.63333,1160
2020_55_H,2020,55,H,twentythree,Glade_Run,West_Virginia,USA,-79.83333,38.63333,1160
2505_56_H,2505,56,H,twentyfour,Eastern_Acadia_Forest_Experiment_Station,New-Brunswick,Canada,-66.2,46.03333,60
2505_57_H,2505,57,H,twentyfour,Eastern_Acadia_Forest_Experiment_Station,New-Brunswick,Canada,-66.2,46.03333,60
2505_58_H,2505,58,H,twentyfour,Eastern_Acadia_Forest_Experiment_Station,New-Brunswick,Canada,-66.2,46.03333,60
2505_59_H,2505,59,H,twentyfour,Eastern_Acadia_Forest_Experiment_Station,New-Brunswick,Canada,-66.2,46.03333,60
2505_60_H,2505,60,H,twentyfour,Eastern_Acadia_Forest_Experiment_Station,New-Brunswick,Canada,-66.2,46.03333,60
2030_1_I,2030,1,I,thirteen,Amherst,Maine,USA,-68.38333,44.9,150
2030_2_I,2030,2,I,thirteen,Amherst,Maine,USA,-68.38333,44.9,150
2030_3_I,2030,3,I,thirteen,Amherst,Maine,USA,-68.38333,44.9,150
2030_4_I,2030,4,I,thirteen,Amherst,Maine,USA,-68.38333,44.9,150
2030_5_I,2030,5,I,thirteen,Amherst,Maine,USA,-68.38333,44.9,150
2021_6_I,2021,6,I,fourteen,Bear_Meadows,Pennsylvania,USA,-77.75,40.7291,550
2021_7_I,2021,7,I,fourteen,Bear_Meadows,Pennsylvania,USA,-77.75,40.7291,550
2021_8_I,2021,8,I,fourteen,Bear_Meadows,Pennsylvania,USA,-77.75,40.7291,550
2021_9_I,2021,9,I,fourteen,Bear_Meadows,Pennsylvania,USA,-77.75,40.7291,550
2021_10_I,2021,10,I,fourteen,Bear_Meadows,Pennsylvania,USA,-77.75,40.7291,550
2101_11_I,2101,11,I,fifteen,Corberrie,Nova-Scotia,Canada,-65.9,44.16667,60
2101_12_I,2101,12,I,fifteen,Corberrie,Nova-Scotia,Canada,-65.9,44.16667,60
2101_13_I,2101,13,I,fifteen,Corberrie,Nova-Scotia,Canada,-65.9,44.16667,60
2101_14_I,2101,14,I,fifteen,Corberrie,Nova-Scotia,Canada,-65.9,44.16667,60
2101_15_I,2101,15,I,fifteen,Corberrie,Nova-Scotia,Canada,-65.9,44.16667,60
2024_16_I,2024,16,I,sixteen,Upper_Jay,New-York,USA,-73.66667,44.41667,610
2024_17_I,2024,17,I,sixteen,Upper_Jay,New-York,USA,-73.66667,44.41667,610
2024_18_I,2024,18,I,sixteen,Upper_Jay,New-York,USA,-73.66667,44.41667,610
2024_19_I,2024,19,I,sixteen,Upper_Jay,New-York,USA,-73.66667,44.41667,610
2024_20_I,2024,20,I,sixteen,Upper_Jay,New-York,USA,-73.66667,44.41667,610
2032_21_I,2032,21,I,seventeen,Valcartier_Forest_Experimental_Station,Quebec,Canada,-71.55,46.91667,270
2032_22_I,2032,22,I,seventeen,Valcartier_Forest_Experimental_Station,Quebec,Canada,-71.55,46.91667,270
2032_23_I,2032,23,I,seventeen,Valcartier_Forest_Experimental_Station,Quebec,Canada,-71.55,46.91667,270
2032_24_I,2032,24,I,seventeen,Valcartier_Forest_Experimental_Station,Quebec,Canada,-71.55,46.91667,270
2032_25_I,2032,25,I,seventeen,Valcartier_Forest_Experimental_Station,Quebec,Canada,-71.55,46.91667,270
2103_26_I,2103,26,I,eighteen,Centra_Acadia_Forest_Experiment_Station,New-Brunswick,Canada,-66.33333,46.03333,60
2103_27_I,2103,27,I,eighteen,Centra_Acadia_Forest_Experiment_Station,New-Brunswick,Canada,-66.33333,46.03333,60
2103_28_I,2103,28,I,eighteen,Centra_Acadia_Forest_Experiment_Station,New-Brunswick,Canada,-66.33333,46.03333,60
2103_29_I,2103,29,I,eighteen,Centra_Acadia_Forest_Experiment_Station,New-Brunswick,Canada,-66.33333,46.03333,60
2103_30_I,2103,30,I,eighteen,Centra_Acadia_Forest_Experiment_Station,New-Brunswick,Canada,-66.33333,46.03333,60
2019_31_I,2019,31,I,nineteen,Indian_Gap,North_Carolina,USA,-83.45,35.6,1620
2019_32_I,2019,32,I,nineteen,Indian_Gap,North_Carolina,USA,-83.45,35.6,1620
2019_33_I,2019,33,I,nineteen,Indian_Gap,North_Carolina,USA,-83.45,35.6,1620
2019_34_I,2019,34,I,nineteen,Indian_Gap,North_Carolina,USA,-83.45,35.6,1620
2019_35_I,2019,35,I,nineteen,Indian_Gap,North_Carolina,USA,-83.45,35.6,1620
2022_36_I,2022,36,I,twenty,October_Mtn_State_Forest,Massachusetts,USA,-73.25,42.36667,550
2022_37_I,2022,37,I,twenty,October_Mtn_State_Forest,Massachusetts,USA,-73.25,42.36667,550
2022_38_I,2022,38,I,twenty,October_Mtn_State_Forest,Massachusetts,USA,-73.25,42.36667,550
2022_39_I,2022,39,I,twenty,October_Mtn_State_Forest,Massachusetts,USA,-73.25,42.36667,550
2022_40_I,2022,40,I,twenty,October_Mtn_State_Forest,Massachusetts,USA,-73.25,42.36667,550
2027_41_I,2027,41,I,twentyone,Pillsbury_State_Forest,New-Hampshire,USA,-72.08333,43.2,500
2027_42_I,2027,42,I,twentyone,Pillsbury_State_Forest,New-Hampshire,USA,-72.08333,43.2,500
2027_43_I,2027,43,I,twentyone,Pillsbury_State_Forest,New-Hampshire,USA,-72.08333,43.2,500
2027_44_I,2027,44,I,twentyone,Pillsbury_State_Forest,New-Hampshire,USA,-72.08333,43.2,500
2027_45_I,2027,45,I,twentyone,Pillsbury_State_Forest,New-Hampshire,USA,-72.08333,43.2,500
2100_46_I,2100,46,I,twentytwo,Sheet_Harbour_Waters,Nova-Scotia,Canada,-62.73333,45.2,60
2100_47_I,2100,47,I,twentytwo,Sheet_Harbour_Waters,Nova-Scotia,Canada,-62.73333,45.2,60
2100_48_I,2100,48,I,twentytwo,Sheet_Harbour_Waters,Nova-Scotia,Canada,-62.73333,45.2,60
2100_49_I,2100,49,I,twentytwo,Sheet_Harbour_Waters,Nova-Scotia,Canada,-62.73333,45.2,60
2100_50_I,2100,50,I,twentytwo,Sheet_Harbour_Waters,Nova-Scotia,Canada,-62.73333,45.2,60
2020_51_I,2020,51,I,twentythree,Glade_Run,West_Virginia,USA,-79.83333,38.63333,1160
2020_52_I,2020,52,I,twentythree,Glade_Run,West_Virginia,USA,-79.83333,38.63333,1160
2020_53_I,2020,53,I,twentythree,Glade_Run,West_Virginia,USA,-79.83333,38.63333,1160
2020_54_I,2020,54,I,twentythree,Glade_Run,West_Virginia,USA,-79.83333,38.63333,1160
2020_55_I,2020,55,I,twentythree,Glade_Run,West_Virginia,USA,-79.83333,38.63333,1160
2505_56_I,2505,56,I,twentyfour,Eastern_Acadia_Forest_Experiment_Station,New-Brunswick,Canada,-66.2,46.03333,60
2505_57_I,2505,57,I,twentyfour,Eastern_Acadia_Forest_Experiment_Station,New-Brunswick,Canada,-66.2,46.03333,60
2505_58_I,2505,58,I,twentyfour,Eastern_Acadia_Forest_Experiment_Station,New-Brunswick,Canada,-66.2,46.03333,60
2505_59_I,2505,59,I,twentyfour,Eastern_Acadia_Forest_Experiment_Station,New-Brunswick,Canada,-66.2,46.03333,60
2505_60_I,2505,60,I,twentyfour,Eastern_Acadia_Forest_Experiment_Station,New-Brunswick,Canada,-66.2,46.03333,60
2030_1_J,2030,1,J,thirteen,Amherst,Maine,USA,-68.38333,44.9,150
2030_2_J,2030,2,J,thirteen,Amherst,Maine,USA,-68.38333,44.9,150
2030_3_J,2030,3,J,thirteen,Amherst,Maine,USA,-68.38333,44.9,150
2030_4_J,2030,4,J,thirteen,Amherst,Maine,USA,-68.38333,44.9,150
2030_5_J,2030,5,J,thirteen,Amherst,Maine,USA,-68.38333,44.9,150
2021_6_J,2021,6,J,fourteen,Bear_Meadows,Pennsylvania,USA,-77.75,40.7291,550
2021_7_J,2021,7,J,fourteen,Bear_Meadows,Pennsylvania,USA,-77.75,40.7291,550
2021_8_J,2021,8,J,fourteen,Bear_Meadows,Pennsylvania,USA,-77.75,40.7291,550
2021_9_J,2021,9,J,fourteen,Bear_Meadows,Pennsylvania,USA,-77.75,40.7291,550
2021_10_J,2021,10,J,fourteen,Bear_Meadows,Pennsylvania,USA,-77.75,40.7291,550
2101_11_J,2101,11,J,fifteen,Corberrie,Nova-Scotia,Canada,-65.9,44.16667,60
2101_12_J,2101,12,J,fifteen,Corberrie,Nova-Scotia,Canada,-65.9,44.16667,60
2101_13_J,2101,13,J,fifteen,Corberrie,Nova-Scotia,Canada,-65.9,44.16667,60
2101_14_J,2101,14,J,fifteen,Corberrie,Nova-Scotia,Canada,-65.9,44.16667,60
2101_15_J,2101,15,J,fifteen,Corberrie,Nova-Scotia,Canada,-65.9,44.16667,60
2024_16_J,2024,16,J,sixteen,Upper_Jay,New-York,USA,-73.66667,44.41667,610
2024_17_J,2024,17,J,sixteen,Upper_Jay,New-York,USA,-73.66667,44.41667,610
2024_18_J,2024,18,J,sixteen,Upper_Jay,New-York,USA,-73.66667,44.41667,610
2024_19_J,2024,19,J,sixteen,Upper_Jay,New-York,USA,-73.66667,44.41667,610
2024_20_J,2024,20,J,sixteen,Upper_Jay,New-York,USA,-73.66667,44.41667,610
2032_21_J,2032,21,J,seventeen,Valcartier_Forest_Experimental_Station,Quebec,Canada,-71.55,46.91667,270
2032_22_J,2032,22,J,seventeen,Valcartier_Forest_Experimental_Station,Quebec,Canada,-71.55,46.91667,270
2032_23_J,2032,23,J,seventeen,Valcartier_Forest_Experimental_Station,Quebec,Canada,-71.55,46.91667,270
2032_24_J,2032,24,J,seventeen,Valcartier_Forest_Experimental_Station,Quebec,Canada,-71.55,46.91667,270
2032_25_J,2032,25,J,seventeen,Valcartier_Forest_Experimental_Station,Quebec,Canada,-71.55,46.91667,270
2103_26_J,2103,26,J,eighteen,Centra_Acadia_Forest_Experiment_Station,New-Brunswick,Canada,-66.33333,46.03333,60
2103_27_J,2103,27,J,eighteen,Centra_Acadia_Forest_Experiment_Station,New-Brunswick,Canada,-66.33333,46.03333,60
2103_28_J,2103,28,J,eighteen,Centra_Acadia_Forest_Experiment_Station,New-Brunswick,Canada,-66.33333,46.03333,60
2103_29_J,2103,29,J,eighteen,Centra_Acadia_Forest_Experiment_Station,New-Brunswick,Canada,-66.33333,46.03333,60
2103_30_J,2103,30,J,eighteen,Centra_Acadia_Forest_Experiment_Station,New-Brunswick,Canada,-66.33333,46.03333,60
2019_31_J,2019,31,J,nineteen,Indian_Gap,North_Carolina,USA,-83.45,35.6,1620
2019_32_J,2019,32,J,nineteen,Indian_Gap,North_Carolina,USA,-83.45,35.6,1620
2019_33_J,2019,33,J,nineteen,Indian_Gap,North_Carolina,USA,-83.45,35.6,1620
2019_34_J,2019,34,J,nineteen,Indian_Gap,North_Carolina,USA,-83.45,35.6,1620
2019_35_J,2019,35,J,nineteen,Indian_Gap,North_Carolina,USA,-83.45,35.6,1620
2022_36_J,2022,36,J,twenty,October_Mtn_State_Forest,Massachusetts,USA,-73.25,42.36667,550
2022_37_J,2022,37,J,twenty,October_Mtn_State_Forest,Massachusetts,USA,-73.25,42.36667,550
2022_38_J,2022,38,J,twenty,October_Mtn_State_Forest,Massachusetts,USA,-73.25,42.36667,550
2022_39_J,2022,39,J,twenty,October_Mtn_State_Forest,Massachusetts,USA,-73.25,42.36667,550
2022_40_J,2022,40,J,twenty,October_Mtn_State_Forest,Massachusetts,USA,-73.25,42.36667,550
2027_41_J,2027,41,J,twentyone,Pillsbury_State_Forest,New-Hampshire,USA,-72.08333,43.2,500
2027_42_J,2027,42,J,twentyone,Pillsbury_State_Forest,New-Hampshire,USA,-72.08333,43.2,500
2027_43_J,2027,43,J,twentyone,Pillsbury_State_Forest,New-Hampshire,USA,-72.08333,43.2,500
2027_44_J,2027,44,J,twentyone,Pillsbury_State_Forest,New-Hampshire,USA,-72.08333,43.2,500
2027_45_J,2027,45,J,twentyone,Pillsbury_State_Forest,New-Hampshire,USA,-72.08333,43.2,500
2100_46_J,2100,46,J,twentytwo,Sheet_Harbour_Waters,Nova-Scotia,Canada,-62.73333,45.2,60
2100_47_J,2100,47,J,twentytwo,Sheet_Harbour_Waters,Nova-Scotia,Canada,-62.73333,45.2,60
2100_48_J,2100,48,J,twentytwo,Sheet_Harbour_Waters,Nova-Scotia,Canada,-62.73333,45.2,60
2100_49_J,2100,49,J,twentytwo,Sheet_Harbour_Waters,Nova-Scotia,Canada,-62.73333,45.2,60
2100_50_J,2100,50,J,twentytwo,Sheet_Harbour_Waters,Nova-Scotia,Canada,-62.73333,45.2,60
2020_51_J,2020,51,J,twentythree,Glade_Run,West_Virginia,USA,-79.83333,38.63333,1160
2020_52_J,2020,52,J,twentythree,Glade_Run,West_Virginia,USA,-79.83333,38.63333,1160
2020_53_J,2020,53,J,twentythree,Glade_Run,West_Virginia,USA,-79.83333,38.63333,1160
2020_54_J,2020,54,J,twentythree,Glade_Run,West_Virginia,USA,-79.83333,38.63333,1160
2020_55_J,2020,55,J,twentythree,Glade_Run,West_Virginia,USA,-79.83333,38.63333,1160
2505_56_J,2505,56,J,twentyfour,Eastern_Acadia_Forest_Experiment_Station,New-Brunswick,Canada,-66.2,46.03333,60
2505_57_J,2505,57,J,twentyfour,Eastern_Acadia_Forest_Experiment_Station,New-Brunswick,Canada,-66.2,46.03333,60
2505_58_J,2505,58,J,twentyfour,Eastern_Acadia_Forest_Experiment_Station,New-Brunswick,Canada,-66.2,46.03333,60
2505_59_J,2505,59,J,twentyfour,Eastern_Acadia_Forest_Experiment_Station,New-Brunswick,Canada,-66.2,46.03333,60
2505_60_J,2505,60,J,twentyfour,Eastern_Acadia_Forest_Experiment_Station,New-Brunswick,Canada,-66.2,46.03333,60
2103_1_K,2103,1,K,twentyfive,Centra_Acadia_Forest_Experiment_Station,New-Brunswick,Canada,-66.33333,46.03333,60
2103_2_K,2103,2,K,twentyfive,Centra_Acadia_Forest_Experiment_Station,New-Brunswick,Canada,-66.33333,46.03333,60
2103_3_K,2103,3,K,twentyfive,Centra_Acadia_Forest_Experiment_Station,New-Brunswick,Canada,-66.33333,46.03333,60
2103_4_K,2103,4,K,twentyfive,Centra_Acadia_Forest_Experiment_Station,New-Brunswick,Canada,-66.33333,46.03333,60
2103_5_K,2103,5,K,twentyfive,Centra_Acadia_Forest_Experiment_Station,New-Brunswick,Canada,-66.33333,46.03333,60
2032_6_K,2032,6,K,twentysix,Valcartier_Forest_Experimental_Station,Quebec,Canada,-71.55,46.91667,270
2032_7_K,2032,7,K,twentysix,Valcartier_Forest_Experimental_Station,Quebec,Canada,-71.55,46.91667,270
2032_8_K,2032,8,K,twentysix,Valcartier_Forest_Experimental_Station,Quebec,Canada,-71.55,46.91667,270
2032_9_K,2032,9,K,twentysix,Valcartier_Forest_Experimental_Station,Quebec,Canada,-71.55,46.91667,270
2032_10_K,2032,10,K,twentysix,Valcartier_Forest_Experimental_Station,Quebec,Canada,-71.55,46.91667,270
2100_11_K,2100,11,K,twentyseven,Sheet_Harbour_Waters,Nova-Scotia,Canada,-62.73333,45.2,60
2100_12_K,2100,12,K,twentyseven,Sheet_Harbour_Waters,Nova-Scotia,Canada,-62.73333,45.2,60
2100_13_K,2100,13,K,twentyseven,Sheet_Harbour_Waters,Nova-Scotia,Canada,-62.73333,45.2,60
2100_14_K,2100,14,K,twentyseven,Sheet_Harbour_Waters,Nova-Scotia,Canada,-62.73333,45.2,60
2100_15_K,2100,15,K,twentyseven,Sheet_Harbour_Waters,Nova-Scotia,Canada,-62.73333,45.2,60
2020_16_K,2020,16,K,twentyeight,Glade_Run,West_Virginia,USA,-79.83333,38.63333,1160
2020_17_K,2020,17,K,twentyeight,Glade_Run,West_Virginia,USA,-79.83333,38.63333,1160
2020_18_K,2020,18,K,twentyeight,Glade_Run,West_Virginia,USA,-79.83333,38.63333,1160
2020_19_K,2020,19,K,twentyeight,Glade_Run,West_Virginia,USA,-79.83333,38.63333,1160
2020_20_K,2020,20,K,twentyeight,Glade_Run,West_Virginia,USA,-79.83333,38.63333,1160
2019_21_K,2019,21,K,twentynine,Indian_Gap,North_Carolina,USA,-83.45,35.6,1620
2019_22_K,2019,22,K,twentynine,Indian_Gap,North_Carolina,USA,-83.45,35.6,1620
2019_23_K,2019,23,K,twentynine,Indian_Gap,North_Carolina,USA,-83.45,35.6,1620
2019_24_K,2019,24,K,twentynine,Indian_Gap,North_Carolina,USA,-83.45,35.6,1620
2019_25_K,2019,25,K,twentynine,Indian_Gap,North_Carolina,USA,-83.45,35.6,1620
2027_26_K,2027,26,K,thirty,Pillsbury_State_Forest,New-Hampshire,USA,-72.08333,43.2,500
2027_27_K,2027,27,K,thirty,Pillsbury_State_Forest,New-Hampshire,USA,-72.08333,43.2,500
2027_28_K,2027,28,K,thirty,Pillsbury_State_Forest,New-Hampshire,USA,-72.08333,43.2,500
2027_29_K,2027,29,K,thirty,Pillsbury_State_Forest,New-Hampshire,USA,-72.08333,43.2,500
2027_30_K,2027,30,K,thirty,Pillsbury_State_Forest,New-Hampshire,USA,-72.08333,43.2,500
2024_31_K,2024,31,K,thirtyone,Upper_Jay,New-York,USA,-73.66667,44.41667,610
2024_32_K,2024,32,K,thirtyone,Upper_Jay,New-York,USA,-73.66667,44.41667,610
2024_33_K,2024,33,K,thirtyone,Upper_Jay,New-York,USA,-73.66667,44.41667,610
2024_34_K,2024,34,K,thirtyone,Upper_Jay,New-York,USA,-73.66667,44.41667,610
2024_35_K,2024,35,K,thirtyone,Upper_Jay,New-York,USA,-73.66667,44.41667,610
2505_36_K,2505,36,K,thirtytwo,Eastern_Acadia_Forest_Experiment_Station,New-Brunswick,Canada,-66.2,46.03333,60
2505_37_K,2505,37,K,thirtytwo,Eastern_Acadia_Forest_Experiment_Station,New-Brunswick,Canada,-66.2,46.03333,60
2505_38_K,2505,38,K,thirtytwo,Eastern_Acadia_Forest_Experiment_Station,New-Brunswick,Canada,-66.2,46.03333,60
2505_39_K,2505,39,K,thirtytwo,Eastern_Acadia_Forest_Experiment_Station,New-Brunswick,Canada,-66.2,46.03333,60
2505_40_K,2505,40,K,thirtytwo,Eastern_Acadia_Forest_Experiment_Station,New-Brunswick,Canada,-66.2,46.03333,60
2021_41_K,2021,41,K,thirtythree,Bear_Meadows,Pennsylvania,USA,-77.75,40.7291,550
2021_42_K,2021,42,K,thirtythree,Bear_Meadows,Pennsylvania,USA,-77.75,40.7291,550
2021_43_K,2021,43,K,thirtythree,Bear_Meadows,Pennsylvania,USA,-77.75,40.7291,550
2021_44_K,2021,44,K,thirtythree,Bear_Meadows,Pennsylvania,USA,-77.75,40.7291,550
2021_45_K,2021,45,K,thirtythree,Bear_Meadows,Pennsylvania,USA,-77.75,40.7291,550
2101_46_K,2101,46,K,thirtyfour,Corberrie,Nova-Scotia,Canada,-65.9,44.16667,60
2101_47_K,2101,47,K,thirtyfour,Corberrie,Nova-Scotia,Canada,-65.9,44.16667,60
2101_48_K,2101,48,K,thirtyfour,Corberrie,Nova-Scotia,Canada,-65.9,44.16667,60
2101_49_K,2101,49,K,thirtyfour,Corberrie,Nova-Scotia,Canada,-65.9,44.16667,60
2101_50_K,2101,50,K,thirtyfour,Corberrie,Nova-Scotia,Canada,-65.9,44.16667,60
2022_51_K,2022,51,K,thirtyfive,October_Mtn_State_Forest,Massachusetts,USA,-73.25,42.36667,550
2022_52_K,2022,52,K,thirtyfive,October_Mtn_State_Forest,Massachusetts,USA,-73.25,42.36667,550
2022_53_K,2022,53,K,thirtyfive,October_Mtn_State_Forest,Massachusetts,USA,-73.25,42.36667,550
2022_54_K,2022,54,K,thirtyfive,October_Mtn_State_Forest,Massachusetts,USA,-73.25,42.36667,550
2022_55_K,2022,55,K,thirtyfive,October_Mtn_State_Forest,Massachusetts,USA,-73.25,42.36667,550
2030_56_K,2030,56,K,thirtysix,Amherst,Maine,USA,-68.38333,44.9,150
2030_57_K,2030,57,K,thirtysix,Amherst,Maine,USA,-68.38333,44.9,150
2030_58_K,2030,58,K,thirtysix,Amherst,Maine,USA,-68.38333,44.9,150
2030_59_K,2030,59,K,thirtysix,Amherst,Maine,USA,-68.38333,44.9,150
2030_60_K,2030,60,K,thirtysix,Amherst,Maine,USA,-68.38333,44.9,150
2103_1_L,2103,1,L,twentyfive,Centra_Acadia_Forest_Experiment_Station,New-Brunswick,Canada,-66.33333,46.03333,60
2103_2_L,2103,2,L,twentyfive,Centra_Acadia_Forest_Experiment_Station,New-Brunswick,Canada,-66.33333,46.03333,60
2103_3_L,2103,3,L,twentyfive,Centra_Acadia_Forest_Experiment_Station,New-Brunswick,Canada,-66.33333,46.03333,60
2103_4_L,2103,4,L,twentyfive,Centra_Acadia_Forest_Experiment_Station,New-Brunswick,Canada,-66.33333,46.03333,60
2103_5_L,2103,5,L,twentyfive,Centra_Acadia_Forest_Experiment_Station,New-Brunswick,Canada,-66.33333,46.03333,60
2032_6_L,2032,6,L,twentysix,Valcartier_Forest_Experimental_Station,Quebec,Canada,-71.55,46.91667,270
2032_7_L,2032,7,L,twentysix,Valcartier_Forest_Experimental_Station,Quebec,Canada,-71.55,46.91667,270
2032_8_L,2032,8,L,twentysix,Valcartier_Forest_Experimental_Station,Quebec,Canada,-71.55,46.91667,270
2032_9_L,2032,9,L,twentysix,Valcartier_Forest_Experimental_Station,Quebec,Canada,-71.55,46.91667,270
2032_10_L,2032,10,L,twentysix,Valcartier_Forest_Experimental_Station,Quebec,Canada,-71.55,46.91667,270
2100_11_L,2100,11,L,twentyseven,Sheet_Harbour_Waters,Nova-Scotia,Canada,-62.73333,45.2,60
2100_12_L,2100,12,L,twentyseven,Sheet_Harbour_Waters,Nova-Scotia,Canada,-62.73333,45.2,60
2100_13_L,2100,13,L,twentyseven,Sheet_Harbour_Waters,Nova-Scotia,Canada,-62.73333,45.2,60
2100_14_L,2100,14,L,twentyseven,Sheet_Harbour_Waters,Nova-Scotia,Canada,-62.73333,45.2,60
2100_15_L,2100,15,L,twentyseven,Sheet_Harbour_Waters,Nova-Scotia,Canada,-62.73333,45.2,60
2020_16_L,2020,16,L,twentyeight,Glade_Run,West_Virginia,USA,-79.83333,38.63333,1160
2020_17_L,2020,17,L,twentyeight,Glade_Run,West_Virginia,USA,-79.83333,38.63333,1160
2020_18_L,2020,18,L,twentyeight,Glade_Run,West_Virginia,USA,-79.83333,38.63333,1160
2020_19_L,2020,19,L,twentyeight,Glade_Run,West_Virginia,USA,-79.83333,38.63333,1160
2020_20_L,2020,20,L,twentyeight,Glade_Run,West_Virginia,USA,-79.83333,38.63333,1160
2019_21_L,2019,21,L,twentynine,Indian_Gap,North_Carolina,USA,-83.45,35.6,1620
2019_22_L,2019,22,L,twentynine,Indian_Gap,North_Carolina,USA,-83.45,35.6,1620
2019_23_L,2019,23,L,twentynine,Indian_Gap,North_Carolina,USA,-83.45,35.6,1620
2019_24_L,2019,24,L,twentynine,Indian_Gap,North_Carolina,USA,-83.45,35.6,1620
2019_25_L,2019,25,L,twentynine,Indian_Gap,North_Carolina,USA,-83.45,35.6,1620
2027_26_L,2027,26,L,thirty,Pillsbury_State_Forest,New-Hampshire,USA,-72.08333,43.2,500
2027_27_L,2027,27,L,thirty,Pillsbury_State_Forest,New-Hampshire,USA,-72.08333,43.2,500
2027_28_L,2027,28,L,thirty,Pillsbury_State_Forest,New-Hampshire,USA,-72.08333,43.2,500
2027_29_L,2027,29,L,thirty,Pillsbury_State_Forest,New-Hampshire,USA,-72.08333,43.2,500
2027_30_L,2027,30,L,thirty,Pillsbury_State_Forest,New-Hampshire,USA,-72.08333,43.2,500
2024_31_L,2024,31,L,thirtyone,Upper_Jay,New-York,USA,-73.66667,44.41667,610
2024_32_L,2024,32,L,thirtyone,Upper_Jay,New-York,USA,-73.66667,44.41667,610
2024_33_L,2024,33,L,thirtyone,Upper_Jay,New-York,USA,-73.66667,44.41667,610
2024_34_L,2024,34,L,thirtyone,Upper_Jay,New-York,USA,-73.66667,44.41667,610
2024_35_L,2024,35,L,thirtyone,Upper_Jay,New-York,USA,-73.66667,44.41667,610
2505_36_L,2505,36,L,thirtytwo,Eastern_Acadia_Forest_Experiment_Station,New-Brunswick,Canada,-66.2,46.03333,60
2505_37_L,2505,37,L,thirtytwo,Eastern_Acadia_Forest_Experiment_Station,New-Brunswick,Canada,-66.2,46.03333,60
2505_38_L,2505,38,L,thirtytwo,Eastern_Acadia_Forest_Experiment_Station,New-Brunswick,Canada,-66.2,46.03333,60
2505_39_L,2505,39,L,thirtytwo,Eastern_Acadia_Forest_Experiment_Station,New-Brunswick,Canada,-66.2,46.03333,60
2505_40_L,2505,40,L,thirtytwo,Eastern_Acadia_Forest_Experiment_Station,New-Brunswick,Canada,-66.2,46.03333,60
2021_41_L,2021,41,L,thirtythree,Bear_Meadows,Pennsylvania,USA,-77.75,40.7291,550
2021_42_L,2021,42,L,thirtythree,Bear_Meadows,Pennsylvania,USA,-77.75,40.7291,550
2021_43_L,2021,43,L,thirtythree,Bear_Meadows,Pennsylvania,USA,-77.75,40.7291,550
2021_44_L,2021,44,L,thirtythree,Bear_Meadows,Pennsylvania,USA,-77.75,40.7291,550
2021_45_L,2021,45,L,thirtythree,Bear_Meadows,Pennsylvania,USA,-77.75,40.7291,550
2101_46_L,2101,46,L,thirtyfour,Corberrie,Nova-Scotia,Canada,-65.9,44.16667,60
2101_47_L,2101,47,L,thirtyfour,Corberrie,Nova-Scotia,Canada,-65.9,44.16667,60
2101_48_L,2101,48,L,thirtyfour,Corberrie,Nova-Scotia,Canada,-65.9,44.16667,60
2101_49_L,2101,49,L,thirtyfour,Corberrie,Nova-Scotia,Canada,-65.9,44.16667,60
2101_50_L,2101,50,L,thirtyfour,Corberrie,Nova-Scotia,Canada,-65.9,44.16667,60
2022_51_L,2022,51,L,thirtyfive,October_Mtn_State_Forest,Massachusetts,USA,-73.25,42.36667,550
2022_52_L,2022,52,L,thirtyfive,October_Mtn_State_Forest,Massachusetts,USA,-73.25,42.36667,550
2022_53_L,2022,53,L,thirtyfive,October_Mtn_State_Forest,Massachusetts,USA,-73.25,42.36667,550
2022_54_L,2022,54,L,thirtyfive,October_Mtn_State_Forest,Massachusetts,USA,-73.25,42.36667,550
2022_55_L,2022,55,L,thirtyfive,October_Mtn_State_Forest,Massachusetts,USA,-73.25,42.36667,550
2030_56_L,2030,56,L,thirtysix,Amherst,Maine,USA,-68.38333,44.9,150
2030_57_L,2030,57,L,thirtysix,Amherst,Maine,USA,-68.38333,44.9,150
2030_58_L,2030,58,L,thirtysix,Amherst,Maine,USA,-68.38333,44.9,150
2030_59_L,2030,59,L,thirtysix,Amherst,Maine,USA,-68.38333,44.9,150
2030_60_L,2030,60,L,thirtysix,Amherst,Maine,USA,-68.38333,44.9,150
2103_1_M,2103,1,M,twentyfive,Centra_Acadia_Forest_Experiment_Station,New-Brunswick,Canada,-66.33333,46.03333,60
2103_2_M,2103,2,M,twentyfive,Centra_Acadia_Forest_Experiment_Station,New-Brunswick,Canada,-66.33333,46.03333,60
2103_3_M,2103,3,M,twentyfive,Centra_Acadia_Forest_Experiment_Station,New-Brunswick,Canada,-66.33333,46.03333,60
2103_4_M,2103,4,M,twentyfive,Centra_Acadia_Forest_Experiment_Station,New-Brunswick,Canada,-66.33333,46.03333,60
2103_5_M,2103,5,M,twentyfive,Centra_Acadia_Forest_Experiment_Station,New-Brunswick,Canada,-66.33333,46.03333,60
2032_6_M,2032,6,M,twentysix,Valcartier_Forest_Experimental_Station,Quebec,Canada,-71.55,46.91667,270
2032_7_M,2032,7,M,twentysix,Valcartier_Forest_Experimental_Station,Quebec,Canada,-71.55,46.91667,270
2032_8_M,2032,8,M,twentysix,Valcartier_Forest_Experimental_Station,Quebec,Canada,-71.55,46.91667,270
2032_9_M,2032,9,M,twentysix,Valcartier_Forest_Experimental_Station,Quebec,Canada,-71.55,46.91667,270
2032_10_M,2032,10,M,twentysix,Valcartier_Forest_Experimental_Station,Quebec,Canada,-71.55,46.91667,270
2100_11_M,2100,11,M,twentyseven,Sheet_Harbour_Waters,Nova-Scotia,Canada,-62.73333,45.2,60
2100_12_M,2100,12,M,twentyseven,Sheet_Harbour_Waters,Nova-Scotia,Canada,-62.73333,45.2,60
2100_13_M,2100,13,M,twentyseven,Sheet_Harbour_Waters,Nova-Scotia,Canada,-62.73333,45.2,60
2100_14_M,2100,14,M,twentyseven,Sheet_Harbour_Waters,Nova-Scotia,Canada,-62.73333,45.2,60
2100_15_M,2100,15,M,twentyseven,Sheet_Harbour_Waters,Nova-Scotia,Canada,-62.73333,45.2,60
2020_16_M,2020,16,M,twentyeight,Glade_Run,West_Virginia,USA,-79.83333,38.63333,1160
2020_17_M,2020,17,M,twentyeight,Glade_Run,West_Virginia,USA,-79.83333,38.63333,1160
2020_18_M,2020,18,M,twentyeight,Glade_Run,West_Virginia,USA,-79.83333,38.63333,1160
2020_19_M,2020,19,M,twentyeight,Glade_Run,West_Virginia,USA,-79.83333,38.63333,1160
2020_20_M,2020,20,M,twentyeight,Glade_Run,West_Virginia,USA,-79.83333,38.63333,1160
2019_21_M,2019,21,M,twentynine,Indian_Gap,North_Carolina,USA,-83.45,35.6,1620
2019_22_M,2019,22,M,twentynine,Indian_Gap,North_Carolina,USA,-83.45,35.6,1620
2019_23_M,2019,23,M,twentynine,Indian_Gap,North_Carolina,USA,-83.45,35.6,1620
2019_24_M,2019,24,M,twentynine,Indian_Gap,North_Carolina,USA,-83.45,35.6,1620
2019_25_M,2019,25,M,twentynine,Indian_Gap,North_Carolina,USA,-83.45,35.6,1620
2027_26_M,2027,26,M,thirty,Pillsbury_State_Forest,New-Hampshire,USA,-72.08333,43.2,500
2027_27_M,2027,27,M,thirty,Pillsbury_State_Forest,New-Hampshire,USA,-72.08333,43.2,500
2027_28_M,2027,28,M,thirty,Pillsbury_State_Forest,New-Hampshire,USA,-72.08333,43.2,500
2027_29_M,2027,29,M,thirty,Pillsbury_State_Forest,New-Hampshire,USA,-72.08333,43.2,500
2027_30_M,2027,30,M,thirty,Pillsbury_State_Forest,New-Hampshire,USA,-72.08333,43.2,500
2024_31_M,2024,31,M,thirtyone,Upper_Jay,New-York,USA,-73.66667,44.41667,610
2024_32_M,2024,32,M,thirtyone,Upper_Jay,New-York,USA,-73.66667,44.41667,610
2024_33_M,2024,33,M,thirtyone,Upper_Jay,New-York,USA,-73.66667,44.41667,610
2024_34_M,2024,34,M,thirtyone,Upper_Jay,New-York,USA,-73.66667,44.41667,610
2024_35_M,2024,35,M,thirtyone,Upper_Jay,New-York,USA,-73.66667,44.41667,610
2505_36_M,2505,36,M,thirtytwo,Eastern_Acadia_Forest_Experiment_Station,New-Brunswick,Canada,-66.2,46.03333,60
2505_37_M,2505,37,M,thirtytwo,Eastern_Acadia_Forest_Experiment_Station,New-Brunswick,Canada,-66.2,46.03333,60
2505_38_M,2505,38,M,thirtytwo,Eastern_Acadia_Forest_Experiment_Station,New-Brunswick,Canada,-66.2,46.03333,60
2505_39_M,2505,39,M,thirtytwo,Eastern_Acadia_Forest_Experiment_Station,New-Brunswick,Canada,-66.2,46.03333,60
2505_40_M,2505,40,M,thirtytwo,Eastern_Acadia_Forest_Experiment_Station,New-Brunswick,Canada,-66.2,46.03333,60
2021_41_M,2021,41,M,thirtythree,Bear_Meadows,Pennsylvania,USA,-77.75,40.7291,550
2021_42_M,2021,42,M,thirtythree,Bear_Meadows,Pennsylvania,USA,-77.75,40.7291,550
2021_43_M,2021,43,M,thirtythree,Bear_Meadows,Pennsylvania,USA,-77.75,40.7291,550
2021_44_M,2021,44,M,thirtythree,Bear_Meadows,Pennsylvania,USA,-77.75,40.7291,550
2021_45_M,2021,45,M,thirtythree,Bear_Meadows,Pennsylvania,USA,-77.75,40.7291,550
2101_46_M,2101,46,M,thirtyfour,Corberrie,Nova-Scotia,Canada,-65.9,44.16667,60
2101_47_M,2101,47,M,thirtyfour,Corberrie,Nova-Scotia,Canada,-65.9,44.16667,60
2101_48_M,2101,48,M,thirtyfour,Corberrie,Nova-Scotia,Canada,-65.9,44.16667,60
2101_49_M,2101,49,M,thirtyfour,Corberrie,Nova-Scotia,Canada,-65.9,44.16667,60
2101_50_M,2101,50,M,thirtyfour,Corberrie,Nova-Scotia,Canada,-65.9,44.16667,60
2022_51_M,2022,51,M,thirtyfive,October_Mtn_State_Forest,Massachusetts,USA,-73.25,42.36667,550
2022_52_M,2022,52,M,thirtyfive,October_Mtn_State_Forest,Massachusetts,USA,-73.25,42.36667,550
2022_53_M,2022,53,M,thirtyfive,October_Mtn_State_Forest,Massachusetts,USA,-73.25,42.36667,550
2022_54_M,2022,54,M,thirtyfive,October_Mtn_State_Forest,Massachusetts,USA,-73.25,42.36667,550
2022_55_M,2022,55,M,thirtyfive,October_Mtn_State_Forest,Massachusetts,USA,-73.25,42.36667,550
2030_56_M,2030,56,M,thirtysix,Amherst,Maine,USA,-68.38333,44.9,150
2030_57_M,2030,57,M,thirtysix,Amherst,Maine,USA,-68.38333,44.9,150
2030_58_M,2030,58,M,thirtysix,Amherst,Maine,USA,-68.38333,44.9,150
2030_59_M,2030,59,M,thirtysix,Amherst,Maine,USA,-68.38333,44.9,150
2030_60_M,2030,60,M,thirtysix,Amherst,Maine,USA,-68.38333,44.9,150
2103_1_N,2103,1,N,twentyfive,Centra_Acadia_Forest_Experiment_Station,New-Brunswick,Canada,-66.33333,46.03333,60
2103_2_N,2103,2,N,twentyfive,Centra_Acadia_Forest_Experiment_Station,New-Brunswick,Canada,-66.33333,46.03333,60
2103_3_N,2103,3,N,twentyfive,Centra_Acadia_Forest_Experiment_Station,New-Brunswick,Canada,-66.33333,46.03333,60
2103_4_N,2103,4,N,twentyfive,Centra_Acadia_Forest_Experiment_Station,New-Brunswick,Canada,-66.33333,46.03333,60
2103_5_N,2103,5,N,twentyfive,Centra_Acadia_Forest_Experiment_Station,New-Brunswick,Canada,-66.33333,46.03333,60
2032_6_N,2032,6,N,twentysix,Valcartier_Forest_Experimental_Station,Quebec,Canada,-71.55,46.91667,270
2032_7_N,2032,7,N,twentysix,Valcartier_Forest_Experimental_Station,Quebec,Canada,-71.55,46.91667,270
2032_8_N,2032,8,N,twentysix,Valcartier_Forest_Experimental_Station,Quebec,Canada,-71.55,46.91667,270
2032_9_N,2032,9,N,twentysix,Valcartier_Forest_Experimental_Station,Quebec,Canada,-71.55,46.91667,270
2032_10_N,2032,10,N,twentysix,Valcartier_Forest_Experimental_Station,Quebec,Canada,-71.55,46.91667,270
2100_11_N,2100,11,N,twentyseven,Sheet_Harbour_Waters,Nova-Scotia,Canada,-62.73333,45.2,60
2100_12_N,2100,12,N,twentyseven,Sheet_Harbour_Waters,Nova-Scotia,Canada,-62.73333,45.2,60
2100_13_N,2100,13,N,twentyseven,Sheet_Harbour_Waters,Nova-Scotia,Canada,-62.73333,45.2,60
2100_14_N,2100,14,N,twentyseven,Sheet_Harbour_Waters,Nova-Scotia,Canada,-62.73333,45.2,60
2100_15_N,2100,15,N,twentyseven,Sheet_Harbour_Waters,Nova-Scotia,Canada,-62.73333,45.2,60
2020_16_N,2020,16,N,twentyeight,Glade_Run,West_Virginia,USA,-79.83333,38.63333,1160
2020_17_N,2020,17,N,twentyeight,Glade_Run,West_Virginia,USA,-79.83333,38.63333,1160
2020_18_N,2020,18,N,twentyeight,Glade_Run,West_Virginia,USA,-79.83333,38.63333,1160
2020_19_N,2020,19,N,twentyeight,Glade_Run,West_Virginia,USA,-79.83333,38.63333,1160
2020_20_N,2020,20,N,twentyeight,Glade_Run,West_Virginia,USA,-79.83333,38.63333,1160
2019_21_N,2019,21,N,twentynine,Indian_Gap,North_Carolina,USA,-83.45,35.6,1620
2019_22_N,2019,22,N,twentynine,Indian_Gap,North_Carolina,USA,-83.45,35.6,1620
2019_23_N,2019,23,N,twentynine,Indian_Gap,North_Carolina,USA,-83.45,35.6,1620
2019_24_N,2019,24,N,twentynine,Indian_Gap,North_Carolina,USA,-83.45,35.6,1620
2019_25_N,2019,25,N,twentynine,Indian_Gap,North_Carolina,USA,-83.45,35.6,1620
2027_26_N,2027,26,N,thirty,Pillsbury_State_Forest,New-Hampshire,USA,-72.08333,43.2,500
2027_27_N,2027,27,N,thirty,Pillsbury_State_Forest,New-Hampshire,USA,-72.08333,43.2,500
2027_28_N,2027,28,N,thirty,Pillsbury_State_Forest,New-Hampshire,USA,-72.08333,43.2,500
2027_29_N,2027,29,N,thirty,Pillsbury_State_Forest,New-Hampshire,USA,-72.08333,43.2,500
2027_30_N,2027,30,N,thirty,Pillsbury_State_Forest,New-Hampshire,USA,-72.08333,43.2,500
2024_31_N,2024,31,N,thirtyone,Upper_Jay,New-York,USA,-73.66667,44.41667,610
2024_32_N,2024,32,N,thirtyone,Upper_Jay,New-York,USA,-73.66667,44.41667,610
2024_33_N,2024,33,N,thirtyone,Upper_Jay,New-York,USA,-73.66667,44.41667,610
2024_34_N,2024,34,N,thirtyone,Upper_Jay,New-York,USA,-73.66667,44.41667,610
2024_35_N,2024,35,N,thirtyone,Upper_Jay,New-York,USA,-73.66667,44.41667,610
2505_36_N,2505,36,N,thirtytwo,Eastern_Acadia_Forest_Experiment_Station,New-Brunswick,Canada,-66.2,46.03333,60
2505_37_N,2505,37,N,thirtytwo,Eastern_Acadia_Forest_Experiment_Station,New-Brunswick,Canada,-66.2,46.03333,60
2505_38_N,2505,38,N,thirtytwo,Eastern_Acadia_Forest_Experiment_Station,New-Brunswick,Canada,-66.2,46.03333,60
2505_39_N,2505,39,N,thirtytwo,Eastern_Acadia_Forest_Experiment_Station,New-Brunswick,Canada,-66.2,46.03333,60
2505_40_N,2505,40,N,thirtytwo,Eastern_Acadia_Forest_Experiment_Station,New-Brunswick,Canada,-66.2,46.03333,60
2021_41_N,2021,41,N,thirtythree,Bear_Meadows,Pennsylvania,USA,-77.75,40.7291,550
2021_42_N,2021,42,N,thirtythree,Bear_Meadows,Pennsylvania,USA,-77.75,40.7291,550
2021_43_N,2021,43,N,thirtythree,Bear_Meadows,Pennsylvania,USA,-77.75,40.7291,550
2021_44_N,2021,44,N,thirtythree,Bear_Meadows,Pennsylvania,USA,-77.75,40.7291,550
2021_45_N,2021,45,N,thirtythree,Bear_Meadows,Pennsylvania,USA,-77.75,40.7291,550
2101_46_N,2101,46,N,thirtyfour,Corberrie,Nova-Scotia,Canada,-65.9,44.16667,60
2101_47_N,2101,47,N,thirtyfour,Corberrie,Nova-Scotia,Canada,-65.9,44.16667,60
2101_48_N,2101,48,N,thirtyfour,Corberrie,Nova-Scotia,Canada,-65.9,44.16667,60
2101_49_N,2101,49,N,thirtyfour,Corberrie,Nova-Scotia,Canada,-65.9,44.16667,60
2101_50_N,2101,50,N,thirtyfour,Corberrie,Nova-Scotia,Canada,-65.9,44.16667,60
2022_51_N,2022,51,N,thirtyfive,October_Mtn_State_Forest,Massachusetts,USA,-73.25,42.36667,550
2022_52_N,2022,52,N,thirtyfive,October_Mtn_State_Forest,Massachusetts,USA,-73.25,42.36667,550
2022_53_N,2022,53,N,thirtyfive,October_Mtn_State_Forest,Massachusetts,USA,-73.25,42.36667,550
2022_54_N,2022,54,N,thirtyfive,October_Mtn_State_Forest,Massachusetts,USA,-73.25,42.36667,550
2022_55_N,2022,55,N,thirtyfive,October_Mtn_State_Forest,Massachusetts,USA,-73.25,42.36667,550
2030_56_N,2030,56,N,thirtysix,Amherst,Maine,USA,-68.38333,44.9,150
2030_57_N,2030,57,N,thirtysix,Amherst,Maine,USA,-68.38333,44.9,150
2030_58_N,2030,58,N,thirtysix,Amherst,Maine,USA,-68.38333,44.9,150
2030_59_N,2030,59,N,thirtysix,Amherst,Maine,USA,-68.38333,44.9,150
2030_60_N,2030,60,N,thirtysix,Amherst,Maine,USA,-68.38333,44.9,150
2103_1_O,2103,1,O,twentyfive,Centra_Acadia_Forest_Experiment_Station,New-Brunswick,Canada,-66.33333,46.03333,60
2103_2_O,2103,2,O,twentyfive,Centra_Acadia_Forest_Experiment_Station,New-Brunswick,Canada,-66.33333,46.03333,60
2103_3_O,2103,3,O,twentyfive,Centra_Acadia_Forest_Experiment_Station,New-Brunswick,Canada,-66.33333,46.03333,60
2103_4_O,2103,4,O,twentyfive,Centra_Acadia_Forest_Experiment_Station,New-Brunswick,Canada,-66.33333,46.03333,60
2103_5_O,2103,5,O,twentyfive,Centra_Acadia_Forest_Experiment_Station,New-Brunswick,Canada,-66.33333,46.03333,60
2032_6_O,2032,6,O,twentysix,Valcartier_Forest_Experimental_Station,Quebec,Canada,-71.55,46.91667,270
2032_7_O,2032,7,O,twentysix,Valcartier_Forest_Experimental_Station,Quebec,Canada,-71.55,46.91667,270
2032_8_O,2032,8,O,twentysix,Valcartier_Forest_Experimental_Station,Quebec,Canada,-71.55,46.91667,270
2032_9_O,2032,9,O,twentysix,Valcartier_Forest_Experimental_Station,Quebec,Canada,-71.55,46.91667,270
2032_10_O,2032,10,O,twentysix,Valcartier_Forest_Experimental_Station,Quebec,Canada,-71.55,46.91667,270
2100_11_O,2100,11,O,twentyseven,Sheet_Harbour_Waters,Nova-Scotia,Canada,-62.73333,45.2,60
2100_12_O,2100,12,O,twentyseven,Sheet_Harbour_Waters,Nova-Scotia,Canada,-62.73333,45.2,60
2100_13_O,2100,13,O,twentyseven,Sheet_Harbour_Waters,Nova-Scotia,Canada,-62.73333,45.2,60
2100_14_O,2100,14,O,twentyseven,Sheet_Harbour_Waters,Nova-Scotia,Canada,-62.73333,45.2,60
2100_15_O,2100,15,O,twentyseven,Sheet_Harbour_Waters,Nova-Scotia,Canada,-62.73333,45.2,60
2020_16_O,2020,16,O,twentyeight,Glade_Run,West_Virginia,USA,-79.83333,38.63333,1160
2020_17_O,2020,17,O,twentyeight,Glade_Run,West_Virginia,USA,-79.83333,38.63333,1160
2020_18_O,2020,18,O,twentyeight,Glade_Run,West_Virginia,USA,-79.83333,38.63333,1160
2020_19_O,2020,19,O,twentyeight,Glade_Run,West_Virginia,USA,-79.83333,38.63333,1160
2020_20_O,2020,20,O,twentyeight,Glade_Run,West_Virginia,USA,-79.83333,38.63333,1160
2019_21_O,2019,21,O,twentynine,Indian_Gap,North_Carolina,USA,-83.45,35.6,1620
2019_22_O,2019,22,O,twentynine,Indian_Gap,North_Carolina,USA,-83.45,35.6,1620
2019_23_O,2019,23,O,twentynine,Indian_Gap,North_Carolina,USA,-83.45,35.6,1620
2019_24_O,2019,24,O,twentynine,Indian_Gap,North_Carolina,USA,-83.45,35.6,1620
2019_25_O,2019,25,O,twentynine,Indian_Gap,North_Carolina,USA,-83.45,35.6,1620
2027_26_O,2027,26,O,thirty,Pillsbury_State_Forest,New-Hampshire,USA,-72.08333,43.2,500
2027_27_O,2027,27,O,thirty,Pillsbury_State_Forest,New-Hampshire,USA,-72.08333,43.2,500
2027_28_O,2027,28,O,thirty,Pillsbury_State_Forest,New-Hampshire,USA,-72.08333,43.2,500
2027_29_O,2027,29,O,thirty,Pillsbury_State_Forest,New-Hampshire,USA,-72.08333,43.2,500
2027_30_O,2027,30,O,thirty,Pillsbury_State_Forest,New-Hampshire,USA,-72.08333,43.2,500
2024_31_O,2024,31,O,thirtyone,Upper_Jay,New-York,USA,-73.66667,44.41667,610
2024_32_O,2024,32,O,thirtyone,Upper_Jay,New-York,USA,-73.66667,44.41667,610
2024_33_O,2024,33,O,thirtyone,Upper_Jay,New-York,USA,-73.66667,44.41667,610
2024_34_O,2024,34,O,thirtyone,Upper_Jay,New-York,USA,-73.66667,44.41667,610
2024_35_O,2024,35,O,thirtyone,Upper_Jay,New-York,USA,-73.66667,44.41667,610
2505_36_O,2505,36,O,thirtytwo,Eastern_Acadia_Forest_Experiment_Station,New-Brunswick,Canada,-66.2,46.03333,60
2505_37_O,2505,37,O,thirtytwo,Eastern_Acadia_Forest_Experiment_Station,New-Brunswick,Canada,-66.2,46.03333,60
2505_38_O,2505,38,O,thirtytwo,Eastern_Acadia_Forest_Experiment_Station,New-Brunswick,Canada,-66.2,46.03333,60
2505_39_O,2505,39,O,thirtytwo,Eastern_Acadia_Forest_Experiment_Station,New-Brunswick,Canada,-66.2,46.03333,60
2505_40_O,2505,40,O,thirtytwo,Eastern_Acadia_Forest_Experiment_Station,New-Brunswick,Canada,-66.2,46.03333,60
2021_41_O,2021,41,O,thirtythree,Bear_Meadows,Pennsylvania,USA,-77.75,40.7291,550
2021_42_O,2021,42,O,thirtythree,Bear_Meadows,Pennsylvania,USA,-77.75,40.7291,550
2021_43_O,2021,43,O,thirtythree,Bear_Meadows,Pennsylvania,USA,-77.75,40.7291,550
2021_44_O,2021,44,O,thirtythree,Bear_Meadows,Pennsylvania,USA,-77.75,40.7291,550
2021_45_O,2021,45,O,thirtythree,Bear_Meadows,Pennsylvania,USA,-77.75,40.7291,550
2101_46_O,2101,46,O,thirtyfour,Corberrie,Nova-Scotia,Canada,-65.9,44.16667,60
2101_47_O,2101,47,O,thirtyfour,Corberrie,Nova-Scotia,Canada,-65.9,44.16667,60
2101_48_O,2101,48,O,thirtyfour,Corberrie,Nova-Scotia,Canada,-65.9,44.16667,60
2101_49_O,2101,49,O,thirtyfour,Corberrie,Nova-Scotia,Canada,-65.9,44.16667,60
2101_50_O,2101,50,O,thirtyfour,Corberrie,Nova-Scotia,Canada,-65.9,44.16667,60
2022_51_O,2022,51,O,thirtyfive,October_Mtn_State_Forest,Massachusetts,USA,-73.25,42.36667,550
2022_52_O,2022,52,O,thirtyfive,October_Mtn_State_Forest,Massachusetts,USA,-73.25,42.36667,550
2022_53_O,2022,53,O,thirtyfive,October_Mtn_State_Forest,Massachusetts,USA,-73.25,42.36667,550
2022_54_O,2022,54,O,thirtyfive,October_Mtn_State_Forest,Massachusetts,USA,-73.25,42.36667,550
2022_55_O,2022,55,O,thirtyfive,October_Mtn_State_Forest,Massachusetts,USA,-73.25,42.36667,550
2030_56_O,2030,56,O,thirtysix,Amherst,Maine,USA,-68.38333,44.9,150
2030_57_O,2030,57,O,thirtysix,Amherst,Maine,USA,-68.38333,44.9,150
2030_58_O,2030,58,O,thirtysix,Amherst,Maine,USA,-68.38333,44.9,150
2030_59_O,2030,59,O,thirtysix,Amherst,Maine,USA,-68.38333,44.9,150
2030_60_O,2030,60,O,thirtysix,Amherst,Maine,USA,-68.38333,44.9,150